{"swagger":"2.0","info":{"title":"Plaid","description":"This is an abbreviated collection of select Plaid endpoints. https://plaid.com/docs/api/","version":"1.0"},"host":"@environmentVariables(\"mda_PlaidHost\")","basePath":"/","schemes":["https"],"consumes":[],"produces":[],"paths":{"/transactions/sync":{"post":{"responses":{"default":{"description":"default","schema":{"type":"object","properties":{"accounts":{"type":"array","items":{"type":"object","properties":{"account_id":{"type":"string","description":"account_id"},"balances":{"type":"object","properties":{"available":{"type":"number","format":"double","description":"available","title":""},"current":{"type":"number","format":"double","description":"current","title":""},"iso_currency_code":{"type":"string","description":"iso_currency_code"},"limit":{"type":"number","format":"double","description":"limit","title":""},"unofficial_currency_code":{"type":"string","description":"unofficial_currency_code"}},"description":"balances"},"mask":{"type":"string","description":"mask"},"name":{"type":"string","description":"name"},"official_name":{"type":"string","description":"official_name"},"subtype":{"type":"string","description":"subtype"},"type":{"type":"string","description":"type"}}},"description":"accounts"},"added":{"type":"array","items":{"type":"object","properties":{"account_id":{"type":"string","description":"account_id"},"account_owner":{"type":"string","description":"account_owner"},"amount":{"type":"number","format":"float","description":"amount"},"iso_currency_code":{"type":"string","description":"iso_currency_code"},"unofficial_currency_code":{"type":"string","description":"unofficial_currency_code"},"check_number":{"type":"string","description":"check_number"},"counterparties":{"type":"array","items":{"type":"object","properties":{"name":{"type":"string","description":"name"},"type":{"type":"string","description":"type"},"logo_url":{"type":"string","description":"logo_url"},"website":{"type":"string","description":"website"},"entity_id":{"type":"string","description":"entity_id"},"confidence_level":{"type":"string","description":"confidence_level"}}},"description":"counterparties"},"date":{"type":"string","description":"date"},"datetime":{"type":"string","description":"datetime"},"authorized_date":{"type":"string","description":"authorized_date"},"authorized_datetime":{"type":"string","description":"authorized_datetime"},"location":{"type":"object","properties":{"address":{"type":"string","description":"address"},"city":{"type":"string","description":"city"},"region":{"type":"string","description":"region"},"postal_code":{"type":"string","description":"postal_code"},"country":{"type":"string","description":"country"},"lat":{"type":"number","format":"float","description":"lat"},"lon":{"type":"number","format":"float","description":"lon"},"store_number":{"type":"string","description":"store_number"}},"description":"location"},"name":{"type":"string","description":"name"},"merchant_name":{"type":"string","description":"merchant_name"},"merchant_entity_id":{"type":"string","description":"merchant_entity_id"},"logo_url":{"type":"string","description":"logo_url"},"website":{"type":"string","description":"website"},"payment_meta":{"type":"object","properties":{"by_order_of":{"type":"string","description":"by_order_of"},"payee":{"type":"string","description":"payee"},"payer":{"type":"string","description":"payer"},"payment_method":{"type":"string","description":"payment_method"},"payment_processor":{"type":"string","description":"payment_processor"},"ppd_id":{"type":"string","description":"ppd_id"},"reason":{"type":"string","description":"reason"},"reference_number":{"type":"string","description":"reference_number"}},"description":"payment_meta"},"payment_channel":{"type":"string","description":"payment_channel"},"pending":{"type":"boolean","description":"pending"},"pending_transaction_id":{"type":"string","description":"pending_transaction_id"},"personal_finance_category":{"type":"object","properties":{"primary":{"type":"string","description":"primary"},"detailed":{"type":"string","description":"detailed"},"confidence_level":{"type":"string","description":"confidence_level"}},"description":"personal_finance_category"},"personal_finance_category_icon_url":{"type":"string","description":"personal_finance_category_icon_url"},"transaction_id":{"type":"string","description":"transaction_id"},"original_description":{"type":"string","description":"original_description"}}},"description":"added"},"modified":{"type":"array","items":{"type":"object","properties":{"account_id":{"type":"string","description":"account_id"},"account_owner":{"type":"string","description":"account_owner"},"amount":{"type":"number","format":"float","description":"amount"},"iso_currency_code":{"type":"string","description":"iso_currency_code"},"unofficial_currency_code":{"type":"string","description":"unofficial_currency_code"},"check_number":{"type":"string","description":"check_number"},"counterparties":{"type":"array","items":{"type":"object","properties":{"name":{"type":"string","description":"name"},"type":{"type":"string","description":"type"},"logo_url":{"type":"string","description":"logo_url"},"website":{"type":"string","description":"website"},"entity_id":{"type":"string","description":"entity_id"},"confidence_level":{"type":"string","description":"confidence_level"}}},"description":"counterparties"},"date":{"type":"string","description":"date"},"datetime":{"type":"string","description":"datetime"},"authorized_date":{"type":"string","description":"authorized_date"},"authorized_datetime":{"type":"string","description":"authorized_datetime"},"location":{"type":"object","properties":{"address":{"type":"string","description":"address"},"city":{"type":"string","description":"city"},"region":{"type":"string","description":"region"},"postal_code":{"type":"string","description":"postal_code"},"country":{"type":"string","description":"country"},"lat":{"type":"number","format":"float","description":"lat"},"lon":{"type":"number","format":"float","description":"lon"},"store_number":{"type":"string","description":"store_number"}},"description":"location"},"name":{"type":"string","description":"name"},"merchant_name":{"type":"string","description":"merchant_name"},"merchant_entity_id":{"type":"string","description":"merchant_entity_id"},"logo_url":{"type":"string","description":"logo_url"},"website":{"type":"string","description":"website"},"payment_meta":{"type":"object","properties":{"by_order_of":{"type":"string","description":"by_order_of"},"payee":{"type":"string","description":"payee"},"payer":{"type":"string","description":"payer"},"payment_method":{"type":"string","description":"payment_method"},"payment_processor":{"type":"string","description":"payment_processor"},"ppd_id":{"type":"string","description":"ppd_id"},"reason":{"type":"string","description":"reason"},"reference_number":{"type":"string","description":"reference_number"}},"description":"payment_meta"},"payment_channel":{"type":"string","description":"payment_channel"},"pending":{"type":"boolean","description":"pending"},"pending_transaction_id":{"type":"string","description":"pending_transaction_id"},"personal_finance_category":{"type":"object","properties":{"primary":{"type":"string","description":"primary"},"detailed":{"type":"string","description":"detailed"},"confidence_level":{"type":"string","description":"confidence_level"}},"description":"personal_finance_category"},"personal_finance_category_icon_url":{"type":"string","description":"personal_finance_category_icon_url"},"transaction_id":{"type":"string","description":"transaction_id"},"original_description":{"type":"string","description":"original_description"}}},"description":"modified"},"removed":{"type":"array","items":{"type":"object","properties":{"account_id":{"type":"string","description":"account_id"},"transaction_id":{"type":"string","description":"transaction_id"}}},"description":"removed"},"next_cursor":{"type":"string","description":"next_cursor"},"has_more":{"type":"boolean","description":"has_more"},"request_id":{"type":"string","description":"request_id"},"transactions_update_status":{"type":"string","description":"transactions_update_status"}}}}},"summary":"Transactions Sync","operationId":"TransactionsSync","parameters":[{"name":"body","in":"body","required":false,"schema":{"type":"object","properties":{"client_id":{"type":"string","description":"client_id","title":""},"secret":{"type":"string","description":"secret","title":""},"access_token":{"type":"string","description":"access_token","title":""},"cursor":{"type":"string","description":"cursor"},"count":{"type":"integer","format":"int32","description":"count"},"options":{"type":"object","properties":{"include_original_description":{"type":"boolean","description":"include_original_description"},"days_requested":{"type":"integer","format":"int32","description":"days_requested"}},"description":"options"}},"required":["access_token","client_id","secret"]}}],"description":"https://plaid.com/docs/api/products/transactions/#transactionssync"}},"/institutions/get_by_id":{"post":{"responses":{"default":{"description":"default","schema":{"type":"object","properties":{"institution":{"type":"object","properties":{"country_codes":{"type":"array","items":{"type":"string"},"description":"country_codes"},"institution_id":{"type":"string","description":"institution_id"},"name":{"type":"string","description":"name"},"products":{"type":"array","items":{"type":"string"},"description":"products"},"routing_numbers":{"type":"array","items":{"type":"string"},"description":"routing_numbers"},"dtc_numbers":{"type":"array","items":{"type":"string"},"description":"dtc_numbers"},"oauth":{"type":"boolean","description":"oauth"},"status":{"type":"object","properties":{"item_logins":{"type":"object","properties":{"status":{"type":"string","description":"status"},"last_status_change":{"type":"string","description":"last_status_change"},"breakdown":{"type":"object","properties":{"success":{"type":"number","format":"double","description":"success","title":""},"error_plaid":{"type":"number","format":"double","description":"error_plaid","title":""},"error_institution":{"type":"number","format":"double","description":"error_institution","title":""}},"description":"breakdown"}},"description":"item_logins"},"transactions_updates":{"type":"object","properties":{"status":{"type":"string","description":"status"},"last_status_change":{"type":"string","description":"last_status_change"},"breakdown":{"type":"object","properties":{"success":{"type":"number","format":"double","description":"success","title":""},"error_plaid":{"type":"number","format":"double","description":"error_plaid","title":""},"error_institution":{"type":"number","format":"double","description":"error_institution","title":""},"refresh_interval":{"type":"string","description":"refresh_interval"}},"description":"breakdown"}},"description":"transactions_updates"},"auth":{"type":"object","properties":{"status":{"type":"string","description":"status"},"last_status_change":{"type":"string","description":"last_status_change"},"breakdown":{"type":"object","properties":{"success":{"type":"number","format":"double","description":"success","title":""},"error_plaid":{"type":"number","format":"double","description":"error_plaid","title":""},"error_institution":{"type":"number","format":"double","description":"error_institution","title":""}},"description":"breakdown"}},"description":"auth"},"identity":{"type":"object","properties":{"status":{"type":"string","description":"status"},"last_status_change":{"type":"string","description":"last_status_change"},"breakdown":{"type":"object","properties":{"success":{"type":"number","format":"double","description":"success","title":""},"error_plaid":{"type":"number","format":"double","description":"error_plaid","title":""},"error_institution":{"type":"number","format":"double","description":"error_institution","title":""}},"description":"breakdown"}},"description":"identity"},"investments":{"type":"object","properties":{"status":{"type":"string","description":"status","title":""},"last_status_change":{"type":"string","description":"last_status_change"},"breakdown":{"type":"object","properties":{"success":{"type":"number","format":"double","description":"success","title":""},"error_plaid":{"type":"number","format":"double","description":"error_plaid","title":""},"error_institution":{"type":"number","format":"double","description":"error_institution","title":""}},"description":"breakdown"},"liabilities":{"type":"object","properties":{"status":{"type":"string","description":"status"},"last_status_change":{"type":"string","description":"last_status_change"},"breakdown":{"type":"object","properties":{"success":{"type":"number","format":"double","description":"success","title":""},"error_plaid":{"type":"number","format":"double","description":"error_plaid","title":""},"error_institution":{"type":"number","format":"double","description":"error_institution","title":""}},"description":"breakdown"}},"description":"liabilities"}},"description":"investments"},"investments_updates":{"type":"object","properties":{"status":{"type":"string","description":"status"},"last_status_change":{"type":"string","description":"last_status_change"},"breakdown":{"type":"object","properties":{"success":{"type":"number","format":"double","description":"success","title":""},"error_plaid":{"type":"number","format":"double","description":"error_plaid","title":""},"error_institution":{"type":"number","format":"double","description":"error_institution","title":""},"refresh_interval":{"type":"string","description":"refresh_interval"}},"description":"breakdown"}},"description":"investments_updates"},"liabilities_updates":{"type":"object","properties":{"status":{"type":"string","description":"status"},"last_status_change":{"type":"string","description":"last_status_change"},"breakdown":{"type":"object","properties":{"success":{"type":"number","format":"double","description":"success","title":""},"error_plaid":{"type":"number","format":"double","description":"error_plaid","title":""},"error_institution":{"type":"number","format":"double","description":"error_institution","title":""},"refresh_interval":{"type":"string","description":"refresh_interval"}},"description":"breakdown"}},"description":"liabilities_updates"}},"description":"status"},"primary_color":{"type":"string","description":"primary_color"},"url":{"type":"string","description":"url"},"logo":{"type":"string","description":"logo"}},"description":"institution"},"request_id":{"type":"string","description":"request_id"}}}}},"summary":"Get Institution By ID","operationId":"GetInstitutionById","parameters":[{"name":"body","in":"body","required":true,"schema":{"type":"object","properties":{"institution_id":{"type":"string","description":"institution_id","title":"Institution Id","x-ms-visibility":"important"},"client_id":{"type":"string","description":"","title":"Client Id","x-ms-visibility":"important"},"secret":{"type":"string","description":"","title":"Secret","x-ms-visibility":"important"},"country_codes":{"type":"array","items":{"type":"string","title":"Country Codes"},"description":""},"options":{"type":"object","properties":{"include_optional_metadata":{"type":"boolean","description":"","title":"Include Optional Metadata","enum":["",true,false]},"include_status":{"type":"boolean","description":"","title":"Include Status","enum":["",true,false]},"include_auth_metadata":{"type":"boolean","description":"","title":"Include Auth Metadata","enum":["",true,false]},"include_payment_initiation_metadata":{"type":"boolean","description":"","title":"Include Payment Initiation Metadata","enum":["",true,false]}},"description":"options"}},"required":["client_id","country_codes","institution_id","secret"]}}],"description":"https://plaid.com/docs/api/institutions/#institutionsget_by_id"}},"/user/create":{"post":{"responses":{"default":{"description":"default","schema":{"type":"object","properties":{"request_id":{"type":"string","description":"request_id"},"user_id":{"type":"string","description":"user_id"},"user_token":{"type":"string","description":"user_token"}}}}},"summary":"Create User","operationId":"CreateUser","parameters":[{"name":"Content-Type","in":"header","required":false,"type":"string"},{"name":"body","in":"body","required":false,"schema":{"type":"object","properties":{"client_id":{"type":"string","description":"client_id","title":""},"secret":{"type":"string","description":"secret","title":""},"client_user_id":{"type":"string","description":"client_user_id","title":""}},"required":["client_id","client_user_id","secret"]}}],"description":"https://plaid.com/docs/api/users/#usercreate"}},"/user/update":{"post":{"responses":{"default":{"description":"default","schema":{"type":"object","properties":{"request_id":{"type":"string","description":"request_id"}}}}},"summary":"Update User","operationId":"UpdateUser","parameters":[{"name":"Content-Type","in":"header","required":false,"type":"string"},{"name":"body","in":"body","required":false,"schema":{"type":"object","properties":{"client_id":{"type":"string","description":"client_id","title":""},"secret":{"type":"string","description":"secret","title":""},"user_token":{"type":"string","description":"user_token","title":""},"consumer_report_user_identity":{"type":"object","properties":{"first_name":{"type":"string","description":"first_name"},"last_name":{"type":"string","description":"last_name"},"phone_numbers":{"type":"array","items":{"type":"string"},"description":"phone_numbers"},"emails":{"type":"array","items":{"type":"string"},"description":"emails"},"primary_address":{"type":"object","properties":{"city":{"type":"string","description":"city"},"region":{"type":"string","description":"region"},"street":{"type":"string","description":"street"},"postal_code":{"type":"string","description":"postal_code"},"country":{"type":"string","description":"country"}},"description":"primary_address"}},"description":"consumer_report_user_identity"}},"required":["client_id","secret","user_token"]}}],"description":"https://plaid.com/docs/api/users/#userupdate"}},"/user/remove":{"post":{"responses":{"default":{"description":"default","schema":{"type":"object","properties":{"request_id":{"type":"string","description":"request_id"}}}}},"parameters":[{"name":"Content-Type","in":"header","required":false,"type":"string"},{"name":"body","in":"body","required":false,"schema":{"type":"object","properties":{"client_id":{"type":"string","description":"client_id","title":""},"secret":{"type":"string","description":"secret","title":""},"user_token":{"type":"string","description":"user_token","title":""}},"required":["client_id","secret","user_token"]}}],"summary":"Remove User","operationId":"RemoveUser","description":"https://plaid.com/docs/api/users/#userremove"}},"/item/remove":{"post":{"responses":{"default":{"description":"default","schema":{"type":"object","properties":{"removed":{"type":"boolean","description":"removed"},"request_id":{"type":"string","description":"request_id"}}}}},"summary":"Remove Item","operationId":"RemoveItem","description":"https://plaid.com/docs/api/items/#itemremove","parameters":[{"name":"Content-Type","in":"header","required":false,"type":"string"},{"name":"body","in":"body","required":false,"schema":{"type":"object","properties":{"client_id":{"type":"string","description":"client_id","title":""},"secret":{"type":"string","description":"secret","title":""},"access_token":{"type":"string","description":"access_token","title":""}},"required":["access_token","client_id","secret"]}}]}},"/item/get":{"post":{"responses":{"default":{"description":"default","schema":{"type":"object","properties":{"item":{"type":"object","properties":{"available_products":{"type":"array","items":{"type":"string"},"description":"available_products"},"billed_products":{"type":"array","items":{"type":"string"},"description":"billed_products"},"error":{"type":"string","description":"error"},"institution_id":{"type":"string","description":"institution_id"},"item_id":{"type":"string","description":"item_id"},"webhook":{"type":"string","description":"webhook"}},"description":"item"},"request_id":{"type":"string","description":"request_id"}}}}},"summary":"Get Item","operationId":"GetItem","description":"https://plaid.com/docs/api/items/#itemget","parameters":[{"name":"Content-Type","in":"header","required":false,"type":"string"},{"name":"body","in":"body","required":false,"schema":{"type":"object","properties":{"client_id":{"type":"string","description":"client_id","title":""},"secret":{"type":"string","description":"secret","title":""},"access_token":{"type":"string","description":"access_token","title":""}},"required":["access_token","client_id","secret"]}}]}},"/accounts/get":{"post":{"responses":{"default":{"description":"default","schema":{"type":"object","properties":{"accounts":{"type":"array","items":{"type":"object","properties":{"account_id":{"type":"string","description":"account_id"},"balances":{"type":"object","properties":{"available":{"type":"number","format":"double","description":"available","title":""},"current":{"type":"number","format":"double","description":"current","title":""},"iso_currency_code":{"type":"string","description":"iso_currency_code"},"limit":{"type":"number","format":"double","description":"limit","title":""},"unofficial_currency_code":{"type":"string","description":"unofficial_currency_code"}},"description":"balances"},"holder_category":{"type":"string","description":"holder_category"},"mask":{"type":"string","description":"mask"},"name":{"type":"string","description":"name"},"official_name":{"type":"string","description":"official_name"},"persistent_account_id":{"type":"string","description":"persistent_account_id"},"subtype":{"type":"string","description":"subtype"},"type":{"type":"string","description":"type"}}},"description":"accounts"},"item":{"type":"object","properties":{"available_products":{"type":"array","items":{"type":"string"},"description":"available_products"},"billed_products":{"type":"array","items":{"type":"string"},"description":"billed_products"},"consent_expiration_time":{"type":"string","description":"consent_expiration_time"},"error":{"type":"object","properties":{},"description":"error"},"institution_id":{"type":"string","description":"institution_id"},"institution_name":{"type":"string","description":"institution_name"},"item_id":{"type":"string","description":"item_id"},"update_type":{"type":"string","description":"update_type"},"webhook":{"type":"string","description":"webhook"},"auth_method":{"type":"string","description":"auth_method"}},"description":"item"},"request_id":{"type":"string","description":"request_id"}}}}},"summary":"Get Accounts","description":"https://plaid.com/docs/api/accounts/#accountsget","operationId":"GetAccounts","parameters":[{"name":"Content-Type","in":"header","required":false,"type":"string"},{"name":"body","in":"body","required":false,"schema":{"type":"object","properties":{"client_id":{"type":"string","description":"client_id","title":""},"secret":{"type":"string","description":"secret","title":""},"access_token":{"type":"string","description":"access_token","title":""}},"required":["access_token","client_id","secret"]}}]}},"/user/items/get":{"post":{"responses":{"default":{"description":"default","schema":{"type":"object","properties":{"items":{"type":"array","items":{"type":"object","properties":{"available_products":{"type":"array","items":{"type":"string"},"description":"available_products"},"billed_products":{"type":"array","items":{"type":"string"},"description":"billed_products"},"error":{"type":"string","description":"error"},"institution_id":{"type":"string","description":"institution_id"},"item_id":{"type":"string","description":"item_id"},"update_type":{"type":"string","description":"update_type"},"webhook":{"type":"string","description":"webhook"},"consent_expiration_time":{"type":"string","description":"consent_expiration_time"}}},"description":"items"},"request_id":{"type":"string","description":"request_id"}}}}},"summary":"Get User Items","operationId":"GetUserItems","parameters":[{"name":"Content-Type","in":"header","required":false,"type":"string"},{"name":"body","in":"body","required":false,"schema":{"type":"object","properties":{"client_id":{"type":"string","description":"client_id","title":""},"secret":{"type":"string","description":"secret","title":""},"user_token":{"type":"string","description":"user_token","title":""}},"required":["client_id","secret","user_token"]}}],"description":"https://plaid.com/docs/api/users/#useritemsget"}},"/link/token/create":{"post":{"responses":{"default":{"description":"default","schema":{"type":"object","properties":{"expiration":{"type":"string","description":"expiration"},"hosted_link_url":{"type":"string","description":"hosted_link_url"},"link_token":{"type":"string","description":"link_token"},"request_id":{"type":"string","description":"request_id"}}}}},"summary":"Create Link Token","operationId":"CreateLinkToken","parameters":[{"name":"body","in":"body","required":false,"schema":{"type":"object","properties":{"client_id":{"type":"string","description":"client_id","title":""},"secret":{"type":"string","description":"secret","title":""},"client_name":{"type":"string","description":"client_name","title":""},"user_token":{"type":"string","description":"user_token","title":""},"user":{"type":"object","properties":{"client_user_id":{"type":"string","description":"client_user_id","title":""},"phone_number":{"type":"string","description":"phone_number"}},"description":"user","required":["client_user_id"]},"products":{"type":"array","items":{"type":"string","title":""},"description":"products"},"transactions":{"type":"object","properties":{"days_requested":{"type":"integer","format":"int32","description":"days_requested"}},"description":"transactions"},"enable_multi_item_link":{"type":"boolean","description":"enable_multi_item_link","title":"","enum":[true,false]},"country_codes":{"type":"array","items":{"type":"string","title":""},"description":"country_codes"},"language":{"type":"string","description":"language","title":""},"webhook":{"type":"string","description":"webhook","title":""},"redirect_uri":{"type":"string","description":"redirect_uri"},"account_filters":{"type":"object","properties":{"depository":{"type":"object","properties":{"account_subtypes":{"type":"array","items":{"type":"string"},"description":"account_subtypes"}},"description":"depository"},"credit":{"type":"object","properties":{"account_subtypes":{"type":"array","items":{"type":"string"},"description":"account_subtypes"}},"description":"credit"}},"description":"account_filters"},"update":{"type":"object","properties":{"account_selection_enabled":{"type":"boolean","description":"account_selection_enabled"},"reauthorization_enabled":{"type":"boolean","description":"reauthorization_enabled"},"user":{"type":"boolean","description":"user"},"item_ids":{"type":"array","items":{"type":"string"},"description":"item_ids"}},"description":"update"},"access_token":{"type":"string","description":"access_token"}},"required":["webhook","user_token","user","secret","products","language","enable_multi_item_link","country_codes","client_name","client_id"]}}],"description":"https://plaid.com/docs/api/link/#linktokencreate"}},"/item/public_token/exchange":{"post":{"responses":{"default":{"description":"default","schema":{"type":"object","properties":{"access_token":{"type":"string","description":"access_token"},"item_id":{"type":"string","description":"item_id"},"request_id":{"type":"string","description":"request_id"}}}}},"summary":"Exchange Token","operationId":"ExchangeToken","parameters":[{"name":"body","in":"body","required":false,"schema":{"type":"object","properties":{"client_id":{"type":"string","description":"client_id","title":""},"secret":{"type":"string","description":"secret","title":""},"public_token":{"type":"string","description":"public_token","title":""}},"required":["client_id","public_token","secret"]}}],"description":"https://plaid.com/docs/api/items/#itempublic_tokenexchange"}},"/webhook_verification_key/get":{"post":{"responses":{"default":{"description":"default","schema":{"type":"object","properties":{"key":{"type":"object","properties":{"alg":{"type":"string","description":"","title":"Alg"},"created_at":{"type":"integer","format":"int32","description":"","title":"Created At"},"crv":{"type":"string","description":"","title":"Crv"},"expired_at":{"type":"integer","description":"","title":"Expired At","format":"int32"},"kid":{"type":"string","description":"","title":"Kid"},"kty":{"type":"string","description":"","title":"Kty"},"use":{"type":"string","description":"","title":"Use"},"x":{"type":"string","description":"","title":"X"},"y":{"type":"string","description":"","title":"Y"}},"description":"key"},"request_id":{"type":"string","description":"","title":"Request Id"}}}}},"summary":"Webhook Verification","description":"https://plaid.com/docs/api/webhooks/webhook-verification/#get-webhook-verification-key","operationId":"WebhookVerification","parameters":[{"name":"body","in":"body","required":false,"schema":{"type":"object","properties":{"client_id":{"type":"string","description":"","title":"Client Id","x-ms-visibility":"important"},"secret":{"type":"string","description":"","title":"Secret","x-ms-visibility":"important"},"key_id":{"type":"string","description":"","title":"Plaid Verification Key","x-ms-visibility":"important"}},"required":["client_id","key_id","secret"]}}]}},"/item/webhook/update":{"post":{"responses":{"default":{"description":"default","schema":{"type":"object","properties":{"item":{"type":"object","properties":{"available_products":{"type":"array","items":{"type":"string"},"description":"available_products"},"billed_products":{"type":"array","items":{"type":"string"},"description":"billed_products"},"products":{"type":"array","items":{"type":"string"},"description":"products"},"consented_products":{"type":"array","items":{"type":"string"},"description":"consented_products"},"consent_expiration_time":{"type":"string","description":"","title":"Consent Expiration Time","format":"date-time"},"update_type":{"type":"string","description":"","title":"Update Type"},"error":{"type":"object","properties":{},"description":"error"},"institution_id":{"type":"string","description":"","title":"Institution Id"},"institution_name":{"type":"string","description":"","title":"Institution Name"},"item_id":{"type":"string","description":"","title":"Item Id"},"webhook":{"type":"string","description":"","title":"Webhook"},"auth_method":{"type":"string","description":"","title":"Auth Method"}},"description":"item"},"request_id":{"type":"string","description":"","title":"Request Id"}}}}},"description":"https://plaid.com/docs/api/items/#itemwebhookupdate","summary":"Item Webhook Update","operationId":"ItemWebhookUpdate","parameters":[{"name":"body","in":"body","required":false,"schema":{"type":"object","properties":{"client_id":{"type":"string","description":"","title":"Client Id","x-ms-visibility":"important"},"secret":{"type":"string","description":"","title":"Secret","x-ms-visibility":"important"},"access_token":{"type":"string","description":"","title":"Access Token","x-ms-visibility":"important"},"webhook":{"type":"string","description":"","title":"Webhook Url","x-ms-visibility":"important"}},"required":["access_token","client_id","secret","webhook"]}}]}}},"definitions":{},"parameters":{},"responses":{},"securityDefinitions":{},"security":[],"tags":[]}