<environmentvariabledefinition schemaname="mda_UpdateItemWebhookInApp">
  <description default="&quot;Yes&quot; means that a button will appear on the home screen of the app that will trigger the &quot;Update Item Webhook&quot; flow. &quot;No&quot; means the button will not be visible.">
    <label description="&quot;Yes&quot; means that a button will appear on the home screen of the app that will trigger the &quot;Update Item Webhook&quot; flow. &quot;No&quot; means the button will not be visible." languagecode="1033" />
  </description>
  <displayname default="Show Update Item Webhook in App">
    <label description="Show Update Item Webhook in App" languagecode="1033" />
  </displayname>
  <introducedversion>1.4.3.2</introducedversion>
  <iscustomizable>1</iscustomizable>
  <isrequired>0</isrequired>
  <secretstore>0</secretstore>
  <type>100000002</type>
</environmentvariabledefinition>