<environmentvariabledefinition schemaname="mda_PlaidHost">
  <description default="sandbox.plaid.com  |  production.plaid.com">
    <label description="sandbox.plaid.com  |  production.plaid.com" languagecode="1033" />
  </description>
  <displayname default="Plaid Host">
    <label description="Plaid Host" languagecode="1033" />
  </displayname>
  <introducedversion>1.0.0.0</introducedversion>
  <iscustomizable>1</iscustomizable>
  <isrequired>0</isrequired>
  <secretstore>0</secretstore>
  <type>100000000</type>
</environmentvariabledefinition>