{
  "properties": {
    "connectionReferences": {
      "shared_commondataserviceforapps": {
        "impersonation": {},
        "runtimeSource": "embedded",
        "connection": {
          "connectionReferenceLogicalName": "mda_Dataverse"
        },
        "api": {
          "name": "shared_commondataserviceforapps"
        }
      },
      "shared_powerappsnotification": {
        "runtimeSource": "embedded",
        "connection": {
          "connectionReferenceLogicalName": "mda_PushNotification"
        },
        "api": {
          "name": "shared_powerappsnotification"
        }
      }
    },
    "definition": {
      "$schema": "https://schema.management.azure.com/providers/Microsoft.Logic/schemas/2016-06-01/workflowdefinition.json#",
      "contentVersion": "1.0.0.0",
      "parameters": {
        "$authentication": {
          "defaultValue": {},
          "type": "SecureObject"
        },
        "$connections": {
          "defaultValue": {},
          "type": "Object"
        }
      },
      "triggers": {
        "manual": {
          "metadata": {
            "operationMetadataId": "f248249f-157b-4cda-bbbb-c4855998ba37"
          },
          "type": "Request",
          "kind": "PowerAppV2",
          "inputs": {
            "schema": {
              "type": "object",
              "properties": {
                "text": {
                  "description": "User Guid",
                  "title": "UserGuid",
                  "type": "string",
                  "x-ms-content-hint": "TEXT",
                  "x-ms-dynamically-added": true
                }
              },
              "required": []
            }
          }
        }
      },
      "actions": {
        "Get_null_records": {
          "runAfter": {
            "Respond_to_a_Power_App_or_flow": [
              "Succeeded"
            ]
          },
          "metadata": {
            "operationMetadataId": "bf6bd7f9-6e75-4714-9993-0dc46ab7797e"
          },
          "type": "OpenApiConnection",
          "inputs": {
            "parameters": {
              "entityName": "annotations",
              "$select": "annotationid",
              "$filter": "(objecttypecode eq 'mda_profile' or objecttypecode eq 'mda_transaction') and documentbody eq null",
              "x-ms-odata-metadata-full": false
            },
            "host": {
              "apiId": "/providers/Microsoft.PowerApps/apis/shared_commondataserviceforapps",
              "operationId": "ListRecords",
              "connectionName": "shared_commondataserviceforapps"
            }
          }
        },
        "for_each": {
          "foreach": "@outputs('Get_null_records')?['body/value']",
          "actions": {
            "Delete_null_record": {
              "metadata": {
                "operationMetadataId": "72fca9fb-8cd1-4c14-b7a9-c68057c0f625"
              },
              "type": "OpenApiConnection",
              "inputs": {
                "parameters": {
                  "entityName": "annotations",
                  "recordId": "@item()?['annotationid']"
                },
                "host": {
                  "apiId": "/providers/Microsoft.PowerApps/apis/shared_commondataserviceforapps",
                  "operationId": "DeleteRecord",
                  "connectionName": "shared_commondataserviceforapps"
                }
              }
            }
          },
          "runAfter": {
            "Get_null_records": [
              "Succeeded"
            ]
          },
          "metadata": {
            "operationMetadataId": "ddf03906-090a-4461-bb79-27297d40cd89"
          },
          "type": "Foreach"
        },
        "User_Guid_was_provided": {
          "actions": {
            "Send_push_on_success": {
              "metadata": {
                "operationMetadataId": "92b257f1-363b-4bd1-b63f-4c8451d43b06"
              },
              "type": "OpenApiConnection",
              "inputs": {
                "parameters": {
                  "payload/recipients": [
                    "@triggerBody()?['text']"
                  ],
                  "payload/message": "Attachment/Export cleanup complete",
                  "payload/openApp": false
                },
                "host": {
                  "apiId": "/providers/Microsoft.PowerApps/apis/shared_powerappsnotification",
                  "operationId": "SendPushNotification",
                  "connectionName": "shared_powerappsnotification"
                }
              }
            }
          },
          "runAfter": {
            "for_each": [
              "Succeeded"
            ]
          },
          "else": {
            "actions": {}
          },
          "expression": {
            "and": [
              {
                "equals": [
                  "@empty(triggerBody()?['text'])",
                  "@false"
                ]
              }
            ]
          },
          "metadata": {
            "operationMetadataId": "37014009-6d56-4de8-9063-c4801885c9d2"
          },
          "type": "If"
        },
        "On_failure": {
          "actions": {
            "Flow_run_metadata": {
              "metadata": {
                "operationMetadataId": "317cbcb4-73fa-455e-88cb-9ff1e802bdfc"
              },
              "type": "ParseJson",
              "inputs": {
                "content": "@workflow()",
                "schema": {
                  "type": "object",
                  "properties": {
                    "id": {
                      "type": "string"
                    },
                    "name": {
                      "type": "string"
                    },
                    "type": {
                      "type": "string"
                    },
                    "location": {
                      "type": "string"
                    },
                    "tags": {
                      "type": "object",
                      "properties": {
                        "flowDisplayName": {
                          "type": "string"
                        },
                        "environmentName": {
                          "type": "string"
                        },
                        "logicAppName": {
                          "type": "string"
                        },
                        "environmentFlowSuspensionReason": {
                          "type": "string"
                        },
                        "sharingType": {
                          "type": "string"
                        },
                        "state": {
                          "type": "string"
                        },
                        "createdTime": {
                          "type": "string"
                        },
                        "lastModifiedTime": {
                          "type": "string"
                        },
                        "createdBy": {
                          "type": "string"
                        },
                        "triggerType": {
                          "type": "string"
                        },
                        "createdByUserId": {
                          "type": "string"
                        }
                      }
                    },
                    "run": {
                      "type": "object",
                      "properties": {
                        "id": {
                          "type": "string"
                        },
                        "name": {
                          "type": "string"
                        },
                        "type": {
                          "type": "string"
                        }
                      }
                    }
                  }
                }
              }
            },
            "Log_error": {
              "runAfter": {
                "Flow_run_metadata": [
                  "Succeeded"
                ]
              },
              "metadata": {
                "operationMetadataId": "312b75c8-7d5f-4dd3-bf4a-28fab9054259"
              },
              "type": "OpenApiConnection",
              "inputs": {
                "parameters": {
                  "entityName": "mda_flowerrors",
                  "x-ms-odata-metadata-full": false,
                  "item/mda_flowname": "@body('Flow_run_metadata')?['tags']?['flowDisplayName']",
                  "item/mda_runurl": "https://make.powerautomate.com/environments/@{body('Flow_run_metadata')?['tags']?['environmentName']}/flows/shared/@{body('Flow_run_metadata')?['tags']?['logicAppName']}"
                },
                "host": {
                  "apiId": "/providers/Microsoft.PowerApps/apis/shared_commondataserviceforapps",
                  "operationId": "CreateRecord",
                  "connectionName": "shared_commondataserviceforapps"
                }
              }
            },
            "User_Guid_was_provided_(failure)": {
              "actions": {
                "Send_push_on_failure": {
                  "metadata": {
                    "operationMetadataId": "e83f343d-bf09-4ddf-b861-1d581a31c967"
                  },
                  "type": "OpenApiConnection",
                  "inputs": {
                    "parameters": {
                      "payload/recipients": [
                        "@triggerBody()?['text']"
                      ],
                      "payload/message": "Error: Attachment/Export cleanup job failed",
                      "payload/openApp": false
                    },
                    "host": {
                      "apiId": "/providers/Microsoft.PowerApps/apis/shared_powerappsnotification",
                      "operationId": "SendPushNotification",
                      "connectionName": "shared_powerappsnotification"
                    }
                  }
                }
              },
              "else": {
                "actions": {}
              },
              "expression": {
                "and": [
                  {
                    "equals": [
                      "@empty(triggerBody()?['text'])",
                      "@false"
                    ]
                  }
                ]
              },
              "metadata": {
                "operationMetadataId": "b2c8fe8c-202c-460a-b49d-1951614c101f"
              },
              "type": "If"
            }
          },
          "runAfter": {
            "User_Guid_was_provided": [
              "TimedOut",
              "Failed",
              "Skipped"
            ]
          },
          "metadata": {
            "operationMetadataId": "c0ba2e1a-b813-4177-839b-bb193e28e967"
          },
          "type": "Scope"
        },
        "Terminate_on_Error": {
          "runAfter": {
            "On_failure": [
              "Succeeded",
              "TimedOut",
              "Failed"
            ]
          },
          "metadata": {
            "operationMetadataId": "33513984-64fb-4095-9e05-225fa375364a"
          },
          "type": "Terminate",
          "inputs": {
            "runStatus": "Failed"
          }
        },
        "Respond_to_a_Power_App_or_flow": {
          "runAfter": {},
          "metadata": {
            "operationMetadataId": "1475d857-f3c9-4333-88d7-64cea5b5092a"
          },
          "type": "Response",
          "kind": "PowerApp",
          "inputs": {
            "schema": {
              "type": "object",
              "properties": {},
              "additionalProperties": {}
            },
            "statusCode": 200,
            "body": {}
          }
        }
      },
      "outputs": {}
    },
    "templateName": null
  },
  "schemaVersion": "1.0.0.0"
}