{
  "properties": {
    "connectionReferences": {
      "shared_commondataserviceforapps-1": {
        "api": {
          "name": "shared_commondataserviceforapps"
        },
        "connection": {
          "connectionReferenceLogicalName": "mda_Dataverse"
        },
        "runtimeSource": "embedded"
      }
    },
    "definition": {
      "$schema": "https://schema.management.azure.com/providers/Microsoft.Logic/schemas/2016-06-01/workflowdefinition.json#",
      "contentVersion": "1.0.0.0",
      "parameters": {
        "$authentication": {
          "defaultValue": {},
          "type": "SecureObject"
        },
        "$connections": {
          "defaultValue": {},
          "type": "Object"
        }
      },
      "triggers": {
        "manual": {
          "type": "Request",
          "kind": "PowerAppV2",
          "inputs": {
            "schema": {
              "type": "object",
              "properties": {
                "text": {
                  "description": "Role Guid",
                  "title": "RoleGuid",
                  "type": "string",
                  "x-ms-content-hint": "TEXT",
                  "x-ms-dynamically-added": true
                }
              },
              "required": [
                "text"
              ]
            }
          },
          "metadata": {
            "operationMetadataId": "c4864818-0d1f-4409-8854-a028681c1eea"
          }
        }
      },
      "actions": {
        "Update_Link_session": {
          "type": "OpenApiConnection",
          "inputs": {
            "parameters": {
              "entityName": "mda_roles",
              "recordId": "@triggerBody()?['text']",
              "x-ms-odata-metadata-full": false,
              "item/mda_lastlinksessionstatus": "Cancelled"
            },
            "host": {
              "apiId": "/providers/Microsoft.PowerApps/apis/shared_commondataserviceforapps",
              "operationId": "UpdateOnlyRecord",
              "connectionName": "shared_commondataserviceforapps-1"
            }
          },
          "runAfter": {},
          "metadata": {
            "operationMetadataId": "a4da954f-0993-44ea-82d7-e02bb1c13262"
          }
        },
        "Respond_to_a_Power_App_or_flow": {
          "type": "Response",
          "kind": "PowerApp",
          "inputs": {
            "schema": {
              "type": "object",
              "properties": {},
              "additionalProperties": {}
            },
            "statusCode": 200
          },
          "runAfter": {
            "Update_Link_session": [
              "Succeeded"
            ]
          }
        },
        "On_failure": {
          "type": "Scope",
          "actions": {
            "Flow_run_metadata": {
              "type": "ParseJson",
              "inputs": {
                "content": "@workflow()",
                "schema": {
                  "type": "object",
                  "properties": {
                    "id": {
                      "type": "string"
                    },
                    "name": {
                      "type": "string"
                    },
                    "type": {
                      "type": "string"
                    },
                    "location": {
                      "type": "string"
                    },
                    "tags": {
                      "type": "object",
                      "properties": {
                        "flowDisplayName": {
                          "type": "string"
                        },
                        "environmentName": {
                          "type": "string"
                        },
                        "logicAppName": {
                          "type": "string"
                        },
                        "environmentFlowSuspensionReason": {
                          "type": "string"
                        },
                        "sharingType": {
                          "type": "string"
                        },
                        "state": {
                          "type": "string"
                        },
                        "createdTime": {
                          "type": "string"
                        },
                        "lastModifiedTime": {
                          "type": "string"
                        },
                        "createdBy": {
                          "type": "string"
                        },
                        "triggerType": {
                          "type": "string"
                        },
                        "createdByUserId": {
                          "type": "string"
                        }
                      }
                    },
                    "run": {
                      "type": "object",
                      "properties": {
                        "id": {
                          "type": "string"
                        },
                        "name": {
                          "type": "string"
                        },
                        "type": {
                          "type": "string"
                        }
                      }
                    }
                  }
                }
              },
              "metadata": {
                "operationMetadataId": "2e7f2cb6-e958-4c03-96e6-7b6379327a18"
              }
            },
            "Terminate_on_Error": {
              "type": "Terminate",
              "inputs": {
                "runStatus": "Failed"
              },
              "runAfter": {
                "Log_error": [
                  "Succeeded",
                  "Failed",
                  "TimedOut"
                ]
              },
              "metadata": {
                "operationMetadataId": "33513984-64fb-4095-9e05-225fa375364a"
              }
            },
            "Log_error": {
              "type": "OpenApiConnection",
              "inputs": {
                "parameters": {
                  "entityName": "mda_flowerrors",
                  "x-ms-odata-metadata-full": false,
                  "item/mda_flowname": "@body('Flow_run_metadata')?['tags']?['flowDisplayName']",
                  "item/mda_runurl": "https://make.powerautomate.com/environments/@{body('Flow_run_metadata')?['tags']?['environmentName']}/flows/shared/@{body('Flow_run_metadata')?['tags']?['logicAppName']}/runs/@{body('Flow_run_metadata')?['run']?['name']}"
                },
                "host": {
                  "apiId": "/providers/Microsoft.PowerApps/apis/shared_commondataserviceforapps",
                  "operationId": "CreateRecord",
                  "connectionName": "shared_commondataserviceforapps-1"
                }
              },
              "runAfter": {
                "Flow_run_metadata": [
                  "Succeeded"
                ]
              },
              "metadata": {
                "operationMetadataId": "1cd7287c-3fdc-4492-be56-1366572c1315"
              }
            }
          },
          "runAfter": {
            "Respond_to_a_Power_App_or_flow": [
              "TimedOut",
              "Skipped",
              "Failed"
            ]
          },
          "metadata": {
            "operationMetadataId": "596fa008-c6f2-43a0-b62f-b672f9edaf39"
          }
        }
      },
      "outputs": {}
    },
    "templateName": null
  },
  "schemaVersion": "1.0.0.0"
}