{
  "properties": {
    "connectionReferences": {
      "shared_commondataserviceforapps-1": {
        "impersonation": {},
        "runtimeSource": "embedded",
        "connection": {
          "connectionReferenceLogicalName": "mda_Dataverse"
        },
        "api": {
          "name": "shared_commondataserviceforapps"
        }
      },
      "shared_powerappsnotification": {
        "runtimeSource": "embedded",
        "connection": {
          "connectionReferenceLogicalName": "mda_PushNotification"
        },
        "api": {
          "name": "shared_powerappsnotification"
        }
      }
    },
    "definition": {
      "$schema": "https://schema.management.azure.com/providers/Microsoft.Logic/schemas/2016-06-01/workflowdefinition.json#",
      "contentVersion": "1.0.0.0",
      "parameters": {
        "$authentication": {
          "defaultValue": {},
          "type": "SecureObject"
        },
        "$connections": {
          "defaultValue": {},
          "type": "Object"
        }
      },
      "triggers": {
        "manual": {
          "metadata": {
            "operationMetadataId": "976ddf53-c7e0-4a38-a01f-e7fc1374351b"
          },
          "type": "Request",
          "kind": "PowerAppV2",
          "inputs": {
            "schema": {
              "type": "object",
              "properties": {
                "text": {
                  "description": "Report Array",
                  "title": "ReportArray",
                  "type": "string",
                  "x-ms-content-hint": "TEXT",
                  "x-ms-dynamically-added": true
                },
                "text_1": {
                  "description": "Profile Guid",
                  "title": "ProfileGuid",
                  "type": "string",
                  "x-ms-content-hint": "TEXT",
                  "x-ms-dynamically-added": true
                },
                "text_2": {
                  "description": "User Guid",
                  "title": "UserGuid",
                  "type": "string",
                  "x-ms-content-hint": "TEXT",
                  "x-ms-dynamically-added": true
                }
              },
              "required": [
                "text",
                "text_1"
              ]
            }
          }
        }
      },
      "actions": {
        "On_failure": {
          "actions": {
            "Flow_run_metadata": {
              "type": "ParseJson",
              "inputs": {
                "content": "@workflow()",
                "schema": {
                  "type": "object",
                  "properties": {
                    "id": {
                      "type": "string"
                    },
                    "name": {
                      "type": "string"
                    },
                    "type": {
                      "type": "string"
                    },
                    "location": {
                      "type": "string"
                    },
                    "tags": {
                      "type": "object",
                      "properties": {
                        "flowDisplayName": {
                          "type": "string"
                        },
                        "environmentName": {
                          "type": "string"
                        },
                        "logicAppName": {
                          "type": "string"
                        },
                        "environmentFlowSuspensionReason": {
                          "type": "string"
                        },
                        "sharingType": {
                          "type": "string"
                        },
                        "state": {
                          "type": "string"
                        },
                        "createdTime": {
                          "type": "string"
                        },
                        "lastModifiedTime": {
                          "type": "string"
                        },
                        "createdBy": {
                          "type": "string"
                        },
                        "triggerType": {
                          "type": "string"
                        },
                        "createdByUserId": {
                          "type": "string"
                        }
                      }
                    },
                    "run": {
                      "type": "object",
                      "properties": {
                        "id": {
                          "type": "string"
                        },
                        "name": {
                          "type": "string"
                        },
                        "type": {
                          "type": "string"
                        }
                      }
                    }
                  }
                }
              }
            },
            "Log_error": {
              "runAfter": {
                "Flow_run_metadata": [
                  "Succeeded"
                ]
              },
              "type": "OpenApiConnection",
              "inputs": {
                "parameters": {
                  "entityName": "mda_flowerrors",
                  "x-ms-odata-metadata-full": false,
                  "item/mda_flowname": "@body('Flow_run_metadata')?['tags']?['flowDisplayName']",
                  "item/mda_runurl": "https://make.powerautomate.com/environments/@{body('Flow_run_metadata')?['tags']?['environmentName']}/flows/shared/@{body('Flow_run_metadata')?['tags']?['logicAppName']}"
                },
                "host": {
                  "apiId": "/providers/Microsoft.PowerApps/apis/shared_commondataserviceforapps",
                  "operationId": "CreateRecord",
                  "connectionName": "shared_commondataserviceforapps-1"
                }
              }
            },
            "User_Guid_was_provided_(failure)": {
              "actions": {
                "Send_push_on_failure": {
                  "type": "OpenApiConnection",
                  "inputs": {
                    "parameters": {
                      "payload/recipients": [
                        "@triggerBody()?['text_2']"
                      ],
                      "payload/message": "Error: Report export failed",
                      "payload/openApp": false
                    },
                    "host": {
                      "apiId": "/providers/Microsoft.PowerApps/apis/shared_powerappsnotification",
                      "operationId": "SendPushNotification",
                      "connectionName": "shared_powerappsnotification"
                    }
                  }
                }
              },
              "else": {
                "actions": {}
              },
              "expression": {
                "and": [
                  {
                    "equals": [
                      "@empty(triggerBody()?['text_2'])",
                      "@false"
                    ]
                  }
                ]
              },
              "type": "If"
            }
          },
          "runAfter": {
            "User_Guid_was_provided": [
              "TimedOut",
              "Failed",
              "Skipped"
            ]
          },
          "type": "Scope"
        },
        "Create_CSV_table": {
          "runAfter": {
            "Construct_Table": [
              "Succeeded"
            ]
          },
          "metadata": {
            "operationMetadataId": "57ee2c1f-dde1-46df-9d60-63ece02e6af6"
          },
          "type": "Table",
          "inputs": {
            "from": "@body('Construct_Table')",
            "format": "CSV"
          }
        },
        "Construct_Table": {
          "runAfter": {
            "Parse_JSON": [
              "Succeeded"
            ]
          },
          "metadata": {
            "operationMetadataId": "25538fb7-3f04-403f-9341-e155d8633919"
          },
          "type": "Select",
          "inputs": {
            "from": "@body('Parse_JSON')",
            "select": {
              "category": "@item()?['Name']",
              "budgetAmount": "@item()?['BudgetAmount']",
              "actualAmount": "@item()?['TransactionAmount']"
            }
          }
        },
        "Parse_JSON": {
          "runAfter": {},
          "type": "ParseJson",
          "inputs": {
            "content": "@triggerBody()?['text']",
            "schema": {
              "type": "array",
              "items": {
                "type": "object",
                "properties": {
                  "ActualMinBudgetAmount": {
                    "type": "number"
                  },
                  "BudgetAmount": {
                    "type": "number"
                  },
                  "TransactionAmount": {
                    "type": "number"
                  },
                  "Type": {
                    "type": "integer"
                  },
                  "Depth": {
                    "type": "integer"
                  },
                  "Index": {
                    "type": "integer"
                  },
                  "Color": {
                    "type": "string"
                  },
                  "Name": {
                    "type": "string"
                  }
                }
              }
            }
          }
        },
        "Terminate_on_Error": {
          "runAfter": {
            "On_failure": [
              "Succeeded",
              "TimedOut",
              "Failed"
            ]
          },
          "metadata": {
            "operationMetadataId": "fc5472cb-8c19-48e3-abaf-7ecc45873d8c"
          },
          "type": "Terminate",
          "inputs": {
            "runStatus": "Failed"
          }
        },
        "User_Guid_was_provided": {
          "actions": {
            "Send_Push_on_Success": {
              "metadata": {
                "operationMetadataId": "e3eba70b-00da-463a-92db-0d93886352e6"
              },
              "type": "OpenApiConnection",
              "inputs": {
                "parameters": {
                  "payload/recipients": [
                    "@triggerBody()?['text_2']"
                  ],
                  "payload/message": "Report export is ready",
                  "payload/openApp": true
                },
                "host": {
                  "apiId": "/providers/Microsoft.PowerApps/apis/shared_powerappsnotification",
                  "operationId": "SendPushNotification",
                  "connectionName": "shared_powerappsnotification"
                }
              }
            }
          },
          "runAfter": {
            "Upload_file": [
              "Succeeded"
            ]
          },
          "else": {
            "actions": {}
          },
          "expression": {
            "and": [
              {
                "equals": [
                  "@empty(triggerBody()?['text_2'])",
                  "@false"
                ]
              }
            ]
          },
          "metadata": {
            "operationMetadataId": "a75f4a21-2d8f-4b31-9fa7-6022b580a04d"
          },
          "type": "If"
        },
        "Upload_file": {
          "runAfter": {
            "Create_CSV_table": [
              "Succeeded"
            ]
          },
          "type": "OpenApiConnection",
          "inputs": {
            "parameters": {
              "entityName": "annotations",
              "x-ms-odata-metadata-full": false,
              "item/subject": "Report Export.csv",
              "item/isdocument": true,
              "item/documentbody": "@base64(body('Create_CSV_table'))",
              "item/filename": "Report Export.csv",
              "item/mimetype": "text/csv",
              "item/objectid_mda_profile@odata.bind": "/mda_profiles(@{triggerBody()?['text_1']})"
            },
            "host": {
              "apiId": "/providers/Microsoft.PowerApps/apis/shared_commondataserviceforapps",
              "operationId": "CreateRecord",
              "connectionName": "shared_commondataserviceforapps-1"
            }
          }
        }
      },
      "outputs": {}
    },
    "templateName": null
  },
  "schemaVersion": "1.0.0.0"
}