{
  "properties": {
    "connectionReferences": {
      "shared_plaid-5f9e73ede31213e95a-5f77db087877e794a0-1": {
        "api": {
          "name": "shared_plaid-5f9e73ede31213e95a-5f77db087877e794a0",
          "logicalName": "mda_plaid"
        },
        "connection": {
          "connectionReferenceLogicalName": "mda_Plaid"
        },
        "runtimeSource": "embedded"
      },
      "shared_commondataserviceforapps-1": {
        "api": {
          "name": "shared_commondataserviceforapps"
        },
        "connection": {
          "connectionReferenceLogicalName": "mda_Dataverse"
        },
        "runtimeSource": "embedded"
      },
      "shared_webcontents": {
        "api": {
          "name": "shared_webcontents"
        },
        "connection": {
          "connectionReferenceLogicalName": "mda_BatchPatch"
        },
        "runtimeSource": "embedded"
      },
      "shared_powerappsnotification-1": {
        "api": {
          "name": "shared_powerappsnotification"
        },
        "connection": {
          "connectionReferenceLogicalName": "mda_PushNotification"
        },
        "runtimeSource": "embedded"
      }
    },
    "definition": {
      "$schema": "https://schema.management.azure.com/providers/Microsoft.Logic/schemas/2016-06-01/workflowdefinition.json#",
      "contentVersion": "1.0.0.0",
      "parameters": {
        "$authentication": {
          "defaultValue": {},
          "type": "SecureObject"
        },
        "$connections": {
          "defaultValue": {},
          "type": "Object"
        },
        "Plaid Client Id (mda_PlaidClientId)": {
          "defaultValue": "66d86a536f8802001a5185b0",
          "type": "String",
          "metadata": {
            "schemaName": "mda_PlaidClientId",
            "description": "This is your Plaid client identifier. Provided by Plaid."
          }
        },
        "Plaid Secret Key (Plain Text) (mda_PlaidSecretKeyPlainText)": {
          "defaultValue": "N/A",
          "type": "String",
          "metadata": {
            "schemaName": "mda_PlaidSecretKeyPlainText",
            "description": "In case you'd rather not configure an Azure Key Vault, this will be used instead. If a valid Azure Key Vault reference is provided, that will be used in lieu of this."
          }
        }
      },
      "triggers": {
        "manual": {
          "metadata": {
            "operationMetadataId": "560eba68-a2d0-4480-b104-0ddabb86d345"
          },
          "type": "Request",
          "kind": "PowerAppV2",
          "inputs": {
            "schema": {
              "type": "object",
              "properties": {
                "text": {
                  "description": "items array",
                  "title": "items array",
                  "type": "string",
                  "x-ms-content-hint": "TEXT",
                  "x-ms-dynamically-added": true
                },
                "text_1": {
                  "description": "GUID",
                  "title": "UserId",
                  "type": "string",
                  "x-ms-content-hint": "TEXT",
                  "x-ms-dynamically-added": true
                }
              },
              "required": [
                "text"
              ]
            }
          }
        }
      },
      "actions": {
        "For_each_item_sync": {
          "foreach": "@body('Parse_JSON')?['items']",
          "actions": {
            "Get_Transactions_Until": {
              "actions": {
                "Set_Next_Cursor": {
                  "runAfter": {
                    "Transactions_Sync": [
                      "Succeeded"
                    ]
                  },
                  "metadata": {
                    "operationMetadataId": "7e996c33-2609-46ae-8b7e-84eac8961341"
                  },
                  "type": "SetVariable",
                  "inputs": {
                    "name": "Next Cursor",
                    "value": "@outputs('Transactions_Sync')?['body/next_cursor']"
                  }
                },
                "For_Each_Add": {
                  "foreach": "@outputs('Transactions_Sync')?['body/added']",
                  "actions": {
                    "Append_Adds_to_Batch_Patch_Body": {
                      "metadata": {
                        "operationMetadataId": "19b1d761-a273-4f4f-99ef-eb24c15d948e"
                      },
                      "type": "AppendToStringVariable",
                      "inputs": {
                        "name": "Batch Patch Body",
                        "value": "\n\n--changeset_body\nContent-Type: application/http\nContent-Transfer-Encoding: binary\nContent-ID: @{replace(replace(replace(replace(replace(replace(replace(replace(replace(replace(replace(replace(replace(replace(replace(replace(replace(replace(replace(replace(replace(replace(replace(replace(replace(replace(item()?['transaction_id'],'A','A-'),'B','B-'),'C','C-'),'D','D-'),'E','E-'),'F','F-'),'G','G-'),'H','H-'),'I','I-'),'J','J-'),'K','K-'),'L','L-'),'M','M-'),'N','N-'),'O','O-'),'P','P-'),'Q','Q-'),'R','R-'),'S','S-'),'T','T-'),'U','U-'),'V','V-'),'W','W-'),'X','X-'),'Y','Y-'),'Z','Z-')}\n\nPOST /api/data/v9.2/mda_transactions HTTP/1.1\nContent-Type: application/json; type=entry\n\n{\n  \"mda_amount\": @{item()?['amount']},\n  \"mda_currencycode\": \"@{coalesce(item()?['iso_currency_code'],item()?['unofficial_currency_code'])}\",\n  \"mda_date\": \"@{item()?['date']}\",\n  \"mda_description\": \"@{coalesce(item()?['original_description'],item()?['merchant_name'],item()?['name'])}\",\n  \"mda_pending\": @{toLower(string(item()?['pending']))},\n  \"mda_BankAccount@odata.bind\": \"/mda_bankaccounts(mda_plaidaccountid='@{replace(replace(replace(replace(replace(replace(replace(replace(replace(replace(replace(replace(replace(replace(replace(replace(replace(replace(replace(replace(replace(replace(replace(replace(replace(replace(item()?['account_id'],'A','A-'),'B','B-'),'C','C-'),'D','D-'),'E','E-'),'F','F-'),'G','G-'),'H','H-'),'I','I-'),'J','J-'),'K','K-'),'L','L-'),'M','M-'),'N','N-'),'O','O-'),'P','P-'),'Q','Q-'),'R','R-'),'S','S-'),'T','T-'),'U','U-'),'V','V-'),'W','W-'),'X','X-'),'Y','Y-'),'Z','Z-')}')\",\n  \"mda_plaidtransactionid\": \"@{replace(replace(replace(replace(replace(replace(replace(replace(replace(replace(replace(replace(replace(replace(replace(replace(replace(replace(replace(replace(replace(replace(replace(replace(replace(replace(item()?['transaction_id'],'A','A-'),'B','B-'),'C','C-'),'D','D-'),'E','E-'),'F','F-'),'G','G-'),'H','H-'),'I','I-'),'J','J-'),'K','K-'),'L','L-'),'M','M-'),'N','N-'),'O','O-'),'P','P-'),'Q','Q-'),'R','R-'),'S','S-'),'T','T-'),'U','U-'),'V','V-'),'W','W-'),'X','X-'),'Y','Y-'),'Z','Z-')}\",\n  \"mda_authorizeddate\": @{if(empty(item()?['authorized_date']),'null',concat('\"',item()?['authorized_date'],'\"'))},\n  \"mda_checknumber\": \"@{item()?['check_number']}\",\n  \"mda_financecategoryconfidencelevel\": \"@{item()?['personal_finance_category/confidence_level']}\",\n  \"mda_financecategorydetailed\": \"@{item()?['personal_finance_category/detailed']}\",\n  \"mda_financecategoryprimary\": \"@{item()?['personal_finance_category/primary']}\",\n  \"mda_financecategoryurl\": \"@{item()?['personal_finance_category_icon_url']}\",\n  \"mda_logourl\": \"@{item()?['logo_url']}\",\n  \"mda_merchantname\": \"@{coalesce(item()?['merchant_name'],item()?['name'])}\",\n  \"mda_paymentchannel\": \"@{item()?['payment_channel']}\",\n  \"mda_website\": \"@{item()?['website']}\",\n  \"mda_latitude\": @{coalesce(item()?['location/lat'],'null')},\n  \"mda_longitude\": @{coalesce(item()?['location/lon'],'null')},\n  \"mda_address\": \"@{concat(item()?['location/address'],';',item()?['location/city'],';',item()?['location/region'],';',item()?['location/postal_code'])}\",\n  \"mda_randomamount\": @{if(equals(rand(0,2),0),\nmul(item()?['amount'],div(rand(1,100),100.00)),\ndiv(item()?['amount'],div(rand(1,100),100.00))\n)},\n  \"mda_hassplits\": false\n}"
                      }
                    }
                  },
                  "runAfter": {
                    "Transactions_Sync": [
                      "Succeeded"
                    ]
                  },
                  "metadata": {
                    "operationMetadataId": "6bbf1211-5f8b-451f-8ea9-d201e0c37096"
                  },
                  "type": "Foreach"
                },
                "For_Each_Modified": {
                  "foreach": "@outputs('Transactions_Sync')?['body/modified']",
                  "actions": {
                    "Append_Modifieds_to_Batch_Patch_Body": {
                      "metadata": {
                        "operationMetadataId": "e1f3da33-90a5-4df5-bd80-fab6ed7b1dcb"
                      },
                      "type": "AppendToStringVariable",
                      "inputs": {
                        "name": "Batch Patch Body",
                        "value": "\n\n--changeset_body\nContent-Type: application/http\nContent-Transfer-Encoding: binary\nContent-ID: @{replace(replace(replace(replace(replace(replace(replace(replace(replace(replace(replace(replace(replace(replace(replace(replace(replace(replace(replace(replace(replace(replace(replace(replace(replace(replace(item()?['transaction_id'],'A','A-'),'B','B-'),'C','C-'),'D','D-'),'E','E-'),'F','F-'),'G','G-'),'H','H-'),'I','I-'),'J','J-'),'K','K-'),'L','L-'),'M','M-'),'N','N-'),'O','O-'),'P','P-'),'Q','Q-'),'R','R-'),'S','S-'),'T','T-'),'U','U-'),'V','V-'),'W','W-'),'X','X-'),'Y','Y-'),'Z','Z-')}\n\nPATCH /api/data/v9.2/mda_transactions(mda_plaidtransactionid='@{replace(replace(replace(replace(replace(replace(replace(replace(replace(replace(replace(replace(replace(replace(replace(replace(replace(replace(replace(replace(replace(replace(replace(replace(replace(replace(item()?['transaction_id'],'A','A-'),'B','B-'),'C','C-'),'D','D-'),'E','E-'),'F','F-'),'G','G-'),'H','H-'),'I','I-'),'J','J-'),'K','K-'),'L','L-'),'M','M-'),'N','N-'),'O','O-'),'P','P-'),'Q','Q-'),'R','R-'),'S','S-'),'T','T-'),'U','U-'),'V','V-'),'W','W-'),'X','X-'),'Y','Y-'),'Z','Z-')}') HTTP/1.1\nContent-Type: application/json; type=entry\n\n{\n  \"mda_amount\": @{item()?['amount']},\n  \"mda_currencycode\": \"@{coalesce(item()?['iso_currency_code'],item()?['unofficial_currency_code'])}\",\n  \"mda_date\": \"@{item()?['date']}\",\n  \"mda_description\": \"@{coalesce(item()?['original_description'],item()?['merchant_name'],item()?['name'])}\",\n  \"mda_pending\": @{toLower(string(item()?['pending']))},\n  \"mda_BankAccount@odata.bind\": \"/mda_bankaccounts(mda_plaidaccountid='@{replace(replace(replace(replace(replace(replace(replace(replace(replace(replace(replace(replace(replace(replace(replace(replace(replace(replace(replace(replace(replace(replace(replace(replace(replace(replace(item()?['account_id'],'A','A-'),'B','B-'),'C','C-'),'D','D-'),'E','E-'),'F','F-'),'G','G-'),'H','H-'),'I','I-'),'J','J-'),'K','K-'),'L','L-'),'M','M-'),'N','N-'),'O','O-'),'P','P-'),'Q','Q-'),'R','R-'),'S','S-'),'T','T-'),'U','U-'),'V','V-'),'W','W-'),'X','X-'),'Y','Y-'),'Z','Z-')}')\",\n  \"mda_plaidtransactionid\": \"@{replace(replace(replace(replace(replace(replace(replace(replace(replace(replace(replace(replace(replace(replace(replace(replace(replace(replace(replace(replace(replace(replace(replace(replace(replace(replace(item()?['transaction_id'],'A','A-'),'B','B-'),'C','C-'),'D','D-'),'E','E-'),'F','F-'),'G','G-'),'H','H-'),'I','I-'),'J','J-'),'K','K-'),'L','L-'),'M','M-'),'N','N-'),'O','O-'),'P','P-'),'Q','Q-'),'R','R-'),'S','S-'),'T','T-'),'U','U-'),'V','V-'),'W','W-'),'X','X-'),'Y','Y-'),'Z','Z-')}\",\n  \"mda_authorizeddate\": @{if(empty(item()?['authorized_date']),'null',concat('\"',item()?['authorized_date'],'\"'))},\n  \"mda_checknumber\": \"@{item()?['check_number']}\",\n  \"mda_financecategoryconfidencelevel\": \"@{item()?['personal_finance_category/confidence_level']}\",\n  \"mda_financecategorydetailed\": \"@{item()?['personal_finance_category/detailed']}\",\n  \"mda_financecategoryprimary\": \"@{item()?['personal_finance_category/primary']}\",\n  \"mda_financecategoryurl\": \"@{item()?['personal_finance_category_icon_url']}\",\n  \"mda_logourl\": \"@{item()?['logo_url']}\",\n  \"mda_merchantname\": \"@{coalesce(item()?['merchant_name'],item()?['name'])}\",\n  \"mda_paymentchannel\": \"@{item()?['payment_channel']}\",\n  \"mda_website\": \"@{item()?['website']}\",\n  \"mda_latitude\": @{coalesce(item()?['location/lat'],'null')},\n  \"mda_longitude\": @{coalesce(item()?['location/lon'],'null')},\n  \"mda_address\": \"@{concat(item()?['location/address'],';',item()?['location/city'],';',item()?['location/region'],';',item()?['location/postal_code'])}\",\n  \"mda_randomamount\": @{if(equals(rand(0,2),0),\r\nmul(item()?['amount'],div(rand(1,100),100.00)),\r\ndiv(item()?['amount'],div(rand(1,100),100.00))\r\n)}\n}"
                      }
                    }
                  },
                  "runAfter": {
                    "For_Each_Add": [
                      "Succeeded"
                    ]
                  },
                  "metadata": {
                    "operationMetadataId": "b2967102-a995-4394-9bb7-1d372f10dd84"
                  },
                  "type": "Foreach"
                },
                "For_Each_Remove": {
                  "foreach": "@outputs('Transactions_Sync')?['body/removed']",
                  "actions": {
                    "Append_Removes_to_Batch_Patch_Body": {
                      "metadata": {
                        "operationMetadataId": "3d85d2ff-adda-4681-8fa4-4c81120512b1"
                      },
                      "type": "AppendToStringVariable",
                      "inputs": {
                        "name": "Batch Patch Body",
                        "value": "\n\n--changeset_body\nContent-Type: application/http\nContent-Transfer-Encoding: binary\nContent-ID: @{replace(replace(replace(replace(replace(replace(replace(replace(replace(replace(replace(replace(replace(replace(replace(replace(replace(replace(replace(replace(replace(replace(replace(replace(replace(replace(item()?['transaction_id'],'A','A-'),'B','B-'),'C','C-'),'D','D-'),'E','E-'),'F','F-'),'G','G-'),'H','H-'),'I','I-'),'J','J-'),'K','K-'),'L','L-'),'M','M-'),'N','N-'),'O','O-'),'P','P-'),'Q','Q-'),'R','R-'),'S','S-'),'T','T-'),'U','U-'),'V','V-'),'W','W-'),'X','X-'),'Y','Y-'),'Z','Z-')}\n\nDELETE /api/data/v9.2/mda_transactions(mda_plaidtransactionid='@{replace(replace(replace(replace(replace(replace(replace(replace(replace(replace(replace(replace(replace(replace(replace(replace(replace(replace(replace(replace(replace(replace(replace(replace(replace(replace(item()?['transaction_id'],'A','A-'),'B','B-'),'C','C-'),'D','D-'),'E','E-'),'F','F-'),'G','G-'),'H','H-'),'I','I-'),'J','J-'),'K','K-'),'L','L-'),'M','M-'),'N','N-'),'O','O-'),'P','P-'),'Q','Q-'),'R','R-'),'S','S-'),'T','T-'),'U','U-'),'V','V-'),'W','W-'),'X','X-'),'Y','Y-'),'Z','Z-')}') HTTP/1.1\nContent-Type: application/json; type=entry"
                      }
                    }
                  },
                  "runAfter": {
                    "For_Each_Modified": [
                      "Succeeded"
                    ]
                  },
                  "metadata": {
                    "operationMetadataId": "4c5551bd-c889-4c0c-91d1-86db70e545be"
                  },
                  "type": "Foreach"
                },
                "Transactions_Sync": {
                  "metadata": {
                    "operationMetadataId": "340ffc74-abb8-4fb5-98bf-5671c0bb42ce"
                  },
                  "type": "OpenApiConnection",
                  "inputs": {
                    "parameters": {
                      "body/client_id": "@parameters('Plaid Client Id (mda_PlaidClientId)')",
                      "body/secret": "@coalesce(outputs('Get_Plaid_Secret_Key')?['body/EnvironmentVariableSecretValue'],parameters('Plaid Secret Key (Plain Text) (mda_PlaidSecretKeyPlainText)'))",
                      "body/access_token": "@first(body('Get_item_metadata'))?['mda_plaidaccesstoken']",
                      "body/cursor": "@variables('Next Cursor')",
                      "body/options/include_original_description": true
                    },
                    "host": {
                      "apiId": "/providers/Microsoft.PowerApps/apis/shared_plaid-5f9e73ede31213e95a-5f77db087877e794a0",
                      "operationId": "TransactionsSync",
                      "connectionName": "shared_plaid-5f9e73ede31213e95a-5f77db087877e794a0-1"
                    }
                  },
                  "runtimeConfiguration": {
                    "secureData": {
                      "properties": [
                        "inputs"
                      ]
                    }
                  }
                }
              },
              "runAfter": {
                "Clear_Batch_Patch_Body_for_Sync": [
                  "Succeeded"
                ]
              },
              "expression": "@equals(outputs('Transactions_Sync')?['body/has_more'],false)",
              "limit": {
                "timeout": "PT1H"
              },
              "metadata": {
                "operationMetadataId": "ee0061be-cb22-4f10-96f0-fb2c98c75dac"
              },
              "type": "Until"
            },
            "Update_Saved_Cursor": {
              "runAfter": {
                "Batch_Patch_Sync": [
                  "Succeeded"
                ]
              },
              "metadata": {
                "operationMetadataId": "c43483f9-27c9-403c-8442-c7d0316ea1ae"
              },
              "type": "OpenApiConnection",
              "inputs": {
                "parameters": {
                  "entityName": "mda_accesstokens",
                  "recordId": "@first(body('Get_item_metadata'))?['mda_accesstokenid']",
                  "item/mda_plaidtransactionscursor": "@outputs('Transactions_Sync')?['body/next_cursor']"
                },
                "host": {
                  "apiId": "/providers/Microsoft.PowerApps/apis/shared_commondataserviceforapps",
                  "operationId": "UpdateRecord",
                  "connectionName": "shared_commondataserviceforapps-1"
                }
              }
            },
            "DEBUG_BATCH_OBJECT_SYNC": {
              "runAfter": {
                "Get_Transactions_Until": [
                  "Succeeded"
                ]
              },
              "metadata": {
                "operationMetadataId": "eceea324-3e08-401b-9ba0-cec5c9b4c6ce"
              },
              "type": "Compose",
              "inputs": "@variables('Batch Patch Body')"
            },
            "Batch_Patch_Sync": {
              "runAfter": {
                "DEBUG_BATCH_OBJECT_SYNC": [
                  "Succeeded"
                ]
              },
              "type": "OpenApiConnection",
              "inputs": {
                "parameters": {
                  "request/method": "POST",
                  "request/url": "/api/data/v9.2/$batch",
                  "request/headers": {
                    "OData-MaxVersion": "4.0",
                    "OData-Version": "4.0",
                    "If-None-Match": "@{string('null')}",
                    "Accept": "application/json",
                    "Content-Type": "multipart/mixed;boundary=@{string('\"batch_body\"')}"
                  },
                  "request/body": "POST [Organization Uri]/api/data/v9.2/$batch HTTP/1.1\nOData-MaxVersion: 4.0\nOData-Version: 4.0\nIf-None-Match: null\nAccept: application/json\nContent-Type: multipart/mixed; boundary=\"batch_body\"\n\n--batch_body\nContent-Type: multipart/mixed; boundary=\"changeset_body\"\n@{variables('Batch Patch Body')}\n\n\n--changeset_body--\n\n\n--batch_body--\n\n\n"
                },
                "host": {
                  "apiId": "/providers/Microsoft.PowerApps/apis/shared_webcontents",
                  "operationId": "InvokeHttp",
                  "connectionName": "shared_webcontents"
                }
              }
            },
            "Patch_Trans_Status_to_Item": {
              "runAfter": {
                "Batch_Patch_Sync": [
                  "Succeeded"
                ]
              },
              "type": "OpenApiConnection",
              "inputs": {
                "parameters": {
                  "request/method": "POST",
                  "request/url": "/api/data/v9.2/$batch",
                  "request/headers": {
                    "OData-MaxVersion": "4.0",
                    "OData-Version": "4.0",
                    "If-None-Match": "@{string('null')}",
                    "Accept": "application/json",
                    "Content-Type": "multipart/mixed;boundary=@{string('\"batch_body\"')}"
                  },
                  "request/body": "POST [Organization Uri]/api/data/v9.2/$batch HTTP/1.1\nOData-MaxVersion: 4.0\nOData-Version: 4.0\nIf-None-Match: null\nAccept: application/json\nContent-Type: multipart/mixed; boundary=\"batch_body\"\n\n--batch_body\nContent-Type: application/http\nContent-Transfer-Encoding: binary\nContent-ID: @{item()?['mda_plaiditemid']}\n\nPATCH /api/data/v9.2/mda_accesstokens(mda_plaiditemid='@{item()?['mda_plaiditemid']}') HTTP/1.1\nContent-Type: application/json; type=entry\n\n{\n  \"mda_transactionupdatestatus\": \"@{outputs('Transactions_Sync')?['body/transactions_update_status']}\"\n}\n\n--batch_body--\n\n\n"
                },
                "host": {
                  "apiId": "/providers/Microsoft.PowerApps/apis/shared_webcontents",
                  "operationId": "InvokeHttp",
                  "connectionName": "shared_webcontents"
                }
              }
            },
            "Get_item_metadata": {
              "type": "Query",
              "inputs": {
                "from": "@outputs('Get_all_items')?['body/value']",
                "where": "@equals(item()?['mda_plaiditemid'],items('For_each_item_sync')?['mda_plaiditemid'])"
              }
            },
            "Set_Next_Cursor_to_Last_Saved_Cursor": {
              "runAfter": {
                "Get_item_metadata": [
                  "Succeeded"
                ]
              },
              "metadata": {
                "operationMetadataId": "3fd4fcee-bf74-40d0-bea9-1ffb1cf20874"
              },
              "type": "SetVariable",
              "inputs": {
                "name": "Next Cursor",
                "value": "@first(body('Get_item_metadata'))?['mda_plaidtransactionscursor']"
              }
            },
            "Clear_Batch_Patch_Body_for_Sync": {
              "runAfter": {
                "Set_Next_Cursor_to_Last_Saved_Cursor": [
                  "Succeeded"
                ]
              },
              "metadata": {
                "operationMetadataId": "6f80891c-1cbe-4e87-8956-7731ca4b6050"
              },
              "type": "SetVariable",
              "inputs": {
                "name": "Batch Patch Body",
                "value": "@null"
              }
            }
          },
          "runAfter": {
            "For_all_items": [
              "Succeeded"
            ]
          },
          "metadata": {
            "operationMetadataId": "0e190b7d-bb2f-4996-8d44-777486363303"
          },
          "type": "Foreach"
        },
        "Initialize_Next_Cursor": {
          "runAfter": {
            "Initialize_Batch_Patch_Body": [
              "Succeeded"
            ]
          },
          "metadata": {
            "operationMetadataId": "19c0ece6-dd0f-4d9f-86cf-7a832b8d5404"
          },
          "type": "InitializeVariable",
          "inputs": {
            "variables": [
              {
                "name": "Next Cursor",
                "type": "string"
              }
            ]
          }
        },
        "Initialize_Batch_Patch_Body": {
          "runAfter": {
            "Get_Plaid_Secret_Key": [
              "Succeeded",
              "Failed"
            ]
          },
          "metadata": {
            "operationMetadataId": "58dc5c18-b6ff-4bd3-943e-98024f566e28"
          },
          "type": "InitializeVariable",
          "inputs": {
            "variables": [
              {
                "name": "Batch Patch Body",
                "type": "string"
              }
            ]
          }
        },
        "User_Guid_was_provided": {
          "actions": {
            "Send_Push_on_Success": {
              "metadata": {
                "operationMetadataId": "e3eba70b-00da-463a-92db-0d93886352e6"
              },
              "type": "OpenApiConnection",
              "inputs": {
                "parameters": {
                  "payload/recipients": [
                    "@triggerBody()?['text_1']"
                  ],
                  "payload/message": "Transactions synced",
                  "payload/openApp": true
                },
                "host": {
                  "apiId": "/providers/Microsoft.PowerApps/apis/shared_powerappsnotification",
                  "operationId": "SendPushNotification",
                  "connectionName": "shared_powerappsnotification-1"
                }
              }
            }
          },
          "runAfter": {
            "For_each_item_sync": [
              "Succeeded"
            ]
          },
          "else": {
            "actions": {}
          },
          "expression": {
            "and": [
              {
                "equals": [
                  "@empty(triggerBody()?['text_1'])",
                  "@false"
                ]
              }
            ]
          },
          "metadata": {
            "operationMetadataId": "a75f4a21-2d8f-4b31-9fa7-6022b580a04d"
          },
          "type": "If"
        },
        "Terminate_on_Error": {
          "runAfter": {
            "On_failure": [
              "TimedOut",
              "Failed",
              "Succeeded"
            ]
          },
          "metadata": {
            "operationMetadataId": "7b285f81-cb41-4f97-8085-72e156987f2c"
          },
          "type": "Terminate",
          "inputs": {
            "runStatus": "Failed"
          }
        },
        "Respond_to_a_Power_App_or_flow": {
          "runAfter": {
            "Parse_JSON": [
              "Succeeded"
            ]
          },
          "metadata": {
            "operationMetadataId": "7e42b5ee-f5f6-47a7-870f-bf4879fe94a7"
          },
          "type": "Response",
          "kind": "PowerApp",
          "inputs": {
            "schema": {
              "type": "object",
              "properties": {},
              "additionalProperties": {}
            },
            "statusCode": 200,
            "body": {}
          }
        },
        "License_check": {
          "actions": {
            "Check_for_license": {
              "metadata": {
                "operationMetadataId": "d5e28c8e-1e6f-4182-a096-12d47f83cec0"
              },
              "type": "OpenApiConnection",
              "inputs": {
                "parameters": {
                  "actionName": "ian_IanusLicenseValidation",
                  "item/PublisherId": "bc2bd1f6-d301-446e-bc31-7324d15e89eb",
                  "item/PublicKeys": [
                    "@'-----BEGIN PUBLIC KEY-----\r\nMIIBIjANBgkqhkiG9w0BAQEFAAOCAQ8AMIIBCgKCAQEAsVbi3L74u0xMwBBsPcQ0\r\nC5oCEbGVybP+XE/zCPbQPb5qf/9BtElaPUyTTcDXNqYoACgQMQ7wEYsw+ZA6wNpi\r\nTbGNyAfs/ZqPWv8SF2UMPJSvajZftgXJKZx8WpE52+gt/cKOewwWUd9S380FbLk8\r\nGrI99OrY07XWgneV1VwGPP4LW9wi3E2Kyms5uG8bTa80fau3z8ZBCk7gCYJsMVn8\r\nSH6kBF7nvNjHkN5lyrwV2Sphzrxuwc/B1jVeGu6RK1xJNKaNvMCUCcO9qlrD1+Yi\r\njrLCHK7li93gWVU7DHn2xd8U8yrZK5vAqOeEZKUp1QrijBWDL8i4/8RE+TCpXX0B\r\n8QIDAQAB\r\n-----END PUBLIC KEY-----'"
                  ],
                  "item/ProductId": "6c27ac1c-e7e8-429c-b0f2-42ea8cce3066"
                },
                "host": {
                  "apiId": "/providers/Microsoft.PowerApps/apis/shared_commondataserviceforapps",
                  "operationId": "PerformUnboundAction",
                  "connectionName": "shared_commondataserviceforapps-1"
                }
              }
            },
            "License_is_Valid": {
              "actions": {},
              "runAfter": {
                "Check_for_license": [
                  "Succeeded"
                ]
              },
              "else": {
                "actions": {
                  "Unlicensed_Failure": {
                    "metadata": {
                      "operationMetadataId": "ff5cac30-171a-4f5f-bc44-2ae5427576d6"
                    },
                    "type": "Terminate",
                    "inputs": {
                      "runStatus": "Failed",
                      "runError": {
                        "message": "Unlicensed"
                      }
                    }
                  }
                }
              },
              "expression": {
                "and": [
                  {
                    "equals": [
                      "@outputs('Check_for_license')?['body/IsValid']",
                      "@true"
                    ]
                  }
                ]
              },
              "metadata": {
                "operationMetadataId": "6923beac-75f8-4fc8-b562-dacd96170a03"
              },
              "type": "If"
            }
          },
          "runAfter": {},
          "metadata": {
            "operationMetadataId": "486438a8-fcb6-4caf-ae65-b8a21e31cce2"
          },
          "type": "Scope"
        },
        "On_failure": {
          "actions": {
            "Flow_run_metadata": {
              "type": "ParseJson",
              "inputs": {
                "content": "@workflow()",
                "schema": {
                  "type": "object",
                  "properties": {
                    "id": {
                      "type": "string"
                    },
                    "name": {
                      "type": "string"
                    },
                    "type": {
                      "type": "string"
                    },
                    "location": {
                      "type": "string"
                    },
                    "tags": {
                      "type": "object",
                      "properties": {
                        "flowDisplayName": {
                          "type": "string"
                        },
                        "environmentName": {
                          "type": "string"
                        },
                        "logicAppName": {
                          "type": "string"
                        },
                        "environmentFlowSuspensionReason": {
                          "type": "string"
                        },
                        "sharingType": {
                          "type": "string"
                        },
                        "state": {
                          "type": "string"
                        },
                        "createdTime": {
                          "type": "string"
                        },
                        "lastModifiedTime": {
                          "type": "string"
                        },
                        "createdBy": {
                          "type": "string"
                        },
                        "triggerType": {
                          "type": "string"
                        },
                        "createdByUserId": {
                          "type": "string"
                        }
                      }
                    },
                    "run": {
                      "type": "object",
                      "properties": {
                        "id": {
                          "type": "string"
                        },
                        "name": {
                          "type": "string"
                        },
                        "type": {
                          "type": "string"
                        }
                      }
                    }
                  }
                }
              }
            },
            "Log_error": {
              "runAfter": {
                "Flow_run_metadata": [
                  "Succeeded"
                ]
              },
              "type": "OpenApiConnection",
              "inputs": {
                "parameters": {
                  "entityName": "mda_flowerrors",
                  "x-ms-odata-metadata-full": false,
                  "item/mda_flowname": "@body('Flow_run_metadata')?['tags']?['flowDisplayName']",
                  "item/mda_runurl": "https://make.powerautomate.com/environments/@{body('Flow_run_metadata')?['tags']?['environmentName']}/flows/shared/@{body('Flow_run_metadata')?['tags']?['logicAppName']}"
                },
                "host": {
                  "apiId": "/providers/Microsoft.PowerApps/apis/shared_commondataserviceforapps",
                  "operationId": "CreateRecord",
                  "connectionName": "shared_commondataserviceforapps-1"
                }
              }
            },
            "User_Guid_was_provided_(failure)": {
              "actions": {
                "Send_push_on_failure": {
                  "type": "OpenApiConnection",
                  "inputs": {
                    "parameters": {
                      "payload/recipients": [
                        "@triggerBody()?['text_1']"
                      ],
                      "payload/message": "Errror: Transaction sync failed",
                      "payload/openApp": false
                    },
                    "host": {
                      "apiId": "/providers/Microsoft.PowerApps/apis/shared_powerappsnotification",
                      "operationId": "SendPushNotification",
                      "connectionName": "shared_powerappsnotification-1"
                    }
                  }
                }
              },
              "else": {
                "actions": {}
              },
              "expression": {
                "and": [
                  {
                    "equals": [
                      "@empty(triggerBody()?['text_1'])",
                      "@false"
                    ]
                  }
                ]
              },
              "type": "If"
            }
          },
          "runAfter": {
            "User_Guid_was_provided": [
              "Failed",
              "TimedOut",
              "Skipped"
            ]
          },
          "type": "Scope"
        },
        "Get_all_items": {
          "runAfter": {
            "Get_Profile_Guid": [
              "Succeeded"
            ]
          },
          "type": "OpenApiConnection",
          "inputs": {
            "parameters": {
              "entityName": "mda_accesstokens",
              "$select": "mda_accesstokenid,mda_plaiditemid,mda_plaidtransactionscursor,mda_plaidaccesstoken",
              "x-ms-odata-metadata-full": false
            },
            "host": {
              "apiId": "/providers/Microsoft.PowerApps/apis/shared_commondataserviceforapps",
              "operationId": "ListRecords",
              "connectionName": "shared_commondataserviceforapps-1"
            }
          }
        },
        "Parse_JSON": {
          "runAfter": {
            "License_check": [
              "Succeeded"
            ]
          },
          "metadata": {
            "operationMetadataId": "c6857d77-7da5-45c9-a345-81ea296a1961"
          },
          "type": "ParseJson",
          "inputs": {
            "content": "@triggerBody()?['text']",
            "schema": {
              "type": "object",
              "properties": {
                "items": {
                  "type": "array",
                  "minItems": 1,
                  "items": {
                    "type": "object",
                    "properties": {
                      "mda_plaiditemid": {
                        "type": "string"
                      }
                    },
                    "required": [
                      "mda_plaiditemid"
                    ]
                  }
                }
              }
            }
          }
        },
        "Get_Profile_Guid": {
          "runAfter": {
            "Respond_to_a_Power_App_or_flow": [
              "Succeeded"
            ]
          },
          "type": "OpenApiConnection",
          "inputs": {
            "parameters": {
              "entityName": "mda_accesstokens",
              "$select": "_mda_profile_value",
              "$filter": "mda_plaiditemid eq '@{first(body('Parse_JSON')?['items'])?['mda_plaiditemid']}'",
              "$top": 1,
              "x-ms-odata-metadata-full": false
            },
            "host": {
              "apiId": "/providers/Microsoft.PowerApps/apis/shared_commondataserviceforapps",
              "operationId": "ListRecords",
              "connectionName": "shared_commondataserviceforapps-1"
            }
          }
        },
        "Get_Plaid_Secret_Key": {
          "runAfter": {
            "Get_all_items": [
              "Succeeded"
            ]
          },
          "type": "OpenApiConnection",
          "inputs": {
            "parameters": {
              "actionName": "RetrieveEnvironmentVariableSecretValue",
              "item/EnvironmentVariableName": "mda_PlaidSecretKeyVault"
            },
            "host": {
              "apiId": "/providers/Microsoft.PowerApps/apis/shared_commondataserviceforapps",
              "operationId": "PerformUnboundAction",
              "connectionName": "shared_commondataserviceforapps-1"
            }
          },
          "runtimeConfiguration": {
            "secureData": {
              "properties": [
                "outputs"
              ]
            }
          }
        },
        "For_all_items": {
          "foreach": "@outputs('Get_all_items')?['body/value']",
          "actions": {
            "Get_Accounts": {
              "type": "OpenApiConnection",
              "inputs": {
                "parameters": {
                  "body/client_id": "@parameters('Plaid Client Id (mda_PlaidClientId)')",
                  "body/secret": "@coalesce(outputs('Get_Plaid_Secret_Key')?['body/EnvironmentVariableSecretValue'],parameters('Plaid Secret Key (Plain Text) (mda_PlaidSecretKeyPlainText)'))",
                  "body/access_token": "@item()?['mda_plaidaccesstoken']"
                },
                "host": {
                  "apiId": "/providers/Microsoft.PowerApps/apis/shared_plaid-5f9e73ede31213e95a-5f77db087877e794a0",
                  "operationId": "GetAccounts",
                  "connectionName": "shared_plaid-5f9e73ede31213e95a-5f77db087877e794a0-1"
                }
              },
              "runtimeConfiguration": {
                "secureData": {
                  "properties": [
                    "inputs"
                  ]
                }
              }
            },
            "Clear_Batch_Patch_Body_for_Accounts": {
              "runAfter": {
                "Get_Accounts": [
                  "Succeeded"
                ]
              },
              "metadata": {
                "operationMetadataId": "6f80891c-1cbe-4e87-8956-7731ca4b6050"
              },
              "type": "SetVariable",
              "inputs": {
                "name": "Batch Patch Body",
                "value": "@null"
              }
            },
            "For_each_account": {
              "foreach": "@outputs('Get_Accounts')?['body/accounts']",
              "actions": {
                "Append_to_Batch_Patch_Body_accounts": {
                  "type": "AppendToStringVariable",
                  "inputs": {
                    "name": "Batch Patch Body",
                    "value": "\n\n--changeset_body\nContent-Type: application/http\nContent-Transfer-Encoding: binary\nContent-ID: @{replace(replace(replace(replace(replace(replace(replace(replace(replace(replace(replace(replace(replace(replace(replace(replace(replace(replace(replace(replace(replace(replace(replace(replace(replace(replace(item()?['account_id'],'A','A-'),'B','B-'),'C','C-'),'D','D-'),'E','E-'),'F','F-'),'G','G-'),'H','H-'),'I','I-'),'J','J-'),'K','K-'),'L','L-'),'M','M-'),'N','N-'),'O','O-'),'P','P-'),'Q','Q-'),'R','R-'),'S','S-'),'T','T-'),'U','U-'),'V','V-'),'W','W-'),'X','X-'),'Y','Y-'),'Z','Z-')}\n\nPATCH /api/data/v9.2/mda_bankaccounts(mda_plaidaccountid='@{replace(replace(replace(replace(replace(replace(replace(replace(replace(replace(replace(replace(replace(replace(replace(replace(replace(replace(replace(replace(replace(replace(replace(replace(replace(replace(item()?['account_id'],'A','A-'),'B','B-'),'C','C-'),'D','D-'),'E','E-'),'F','F-'),'G','G-'),'H','H-'),'I','I-'),'J','J-'),'K','K-'),'L','L-'),'M','M-'),'N','N-'),'O','O-'),'P','P-'),'Q','Q-'),'R','R-'),'S','S-'),'T','T-'),'U','U-'),'V','V-'),'W','W-'),'X','X-'),'Y','Y-'),'Z','Z-')}') HTTP/1.1\nContent-Type: application/json; type=entry\n\n{\n  \"mda_availablebalance\": @{coalesce(item()?['balances/available'],'null')},\n  \"mda_currencycode\": \"@{coalesce(item()?['balances/iso_currency_code'],item()?['balances/unofficial_currency_code'])}\",\n  \"mda_currentbalance\": @{coalesce(item()?['balances/current'],'null')},\n  \"mda_limit\": @{coalesce(item()?['balances/limit'],'null')},\n  \"mda_mask\": \"@{item()?['mask']}\",\n  \"mda_name\": \"@{item()?['name']}\",\n  \"mda_officialname\": \"@{item()?['official_name']}\",\n  \"mda_subtype\": \"@{item()?['subtype']}\",\n  \"mda_type\": \"@{item()?['type']}\"\n}"
                  }
                }
              },
              "runAfter": {
                "Clear_Batch_Patch_Body_for_Accounts": [
                  "Succeeded"
                ]
              },
              "type": "Foreach"
            },
            "DEBUG_BATCH_OBJECT_ACCOUNTS": {
              "runAfter": {
                "For_each_account": [
                  "Succeeded"
                ]
              },
              "metadata": {
                "operationMetadataId": "eceea324-3e08-401b-9ba0-cec5c9b4c6ce"
              },
              "type": "Compose",
              "inputs": "@variables('Batch Patch Body')"
            },
            "Batch_Patch_Accounts": {
              "runAfter": {
                "DEBUG_BATCH_OBJECT_ACCOUNTS": [
                  "Succeeded"
                ]
              },
              "type": "OpenApiConnection",
              "inputs": {
                "parameters": {
                  "request/method": "POST",
                  "request/url": "/api/data/v9.2/$batch",
                  "request/headers": {
                    "OData-MaxVersion": "4.0",
                    "OData-Version": "4.0",
                    "If-None-Match": "@{string('null')}",
                    "Accept": "application/json",
                    "Content-Type": "multipart/mixed;boundary=@{string('\"batch_body\"')}"
                  },
                  "request/body": "POST [Organization Uri]/api/data/v9.2/$batch HTTP/1.1\nOData-MaxVersion: 4.0\nOData-Version: 4.0\nIf-None-Match: null\nAccept: application/json\nContent-Type: multipart/mixed; boundary=\"batch_body\"\n\n--batch_body\nContent-Type: multipart/mixed; boundary=\"changeset_body\"\n@{variables('Batch Patch Body')}\n\n\n--changeset_body--\n\n\n--batch_body--\n\n\n"
                },
                "host": {
                  "apiId": "/providers/Microsoft.PowerApps/apis/shared_webcontents",
                  "operationId": "InvokeHttp",
                  "connectionName": "shared_webcontents"
                }
              }
            }
          },
          "runAfter": {
            "Initialize_Next_Cursor": [
              "Succeeded"
            ]
          },
          "type": "Foreach"
        }
      }
    },
    "templateName": null
  },
  "schemaVersion": "1.0.0.0"
}