{
  "properties": {
    "connectionReferences": {
      "shared_commondataserviceforapps-1": {
        "api": {
          "name": "shared_commondataserviceforapps"
        },
        "connection": {
          "connectionReferenceLogicalName": "mda_Dataverse"
        },
        "runtimeSource": "embedded"
      },
      "shared_plaid-5f9e73ede31213e95a-5f77db087877e794a0-1": {
        "api": {
          "name": "shared_plaid-5f9e73ede31213e95a-5f77db087877e794a0",
          "logicalName": "mda_plaid"
        },
        "connection": {
          "connectionReferenceLogicalName": "mda_Plaid"
        },
        "runtimeSource": "embedded"
      },
      "shared_powerappsnotification-1": {
        "api": {
          "name": "shared_powerappsnotification"
        },
        "connection": {
          "connectionReferenceLogicalName": "mda_PushNotification"
        },
        "runtimeSource": "embedded"
      }
    },
    "definition": {
      "$schema": "https://schema.management.azure.com/providers/Microsoft.Logic/schemas/2016-06-01/workflowdefinition.json#",
      "contentVersion": "1.0.0.0",
      "parameters": {
        "$authentication": {
          "defaultValue": {},
          "type": "SecureObject"
        },
        "$connections": {
          "defaultValue": {},
          "type": "Object"
        },
        "Plaid Client Id (mda_PlaidClientId)": {
          "defaultValue": "66d86a536f8802001a5185b0",
          "type": "String",
          "metadata": {
            "schemaName": "mda_PlaidClientId",
            "description": "This is your Plaid client identifier. Provided by Plaid."
          }
        },
        "Webhook URL (mda_WebhookURL)": {
          "defaultValue": "https://7befd08eb061e22ea8970070cb5087.13.environment.api.powerplatform.com:443/powerautomate/automations/direct/workflows/fa26f042455341b1894eddcf82eb4fff/triggers/manual/paths/invoke?api-version=1&sp=%2Ftriggers%2Fmanual%2Frun&sv=1.0&sig=V9NGJ_YgyclTv6EdZdSEkBUG67fgXmyXmoMZB9DLkQA",
          "type": "String",
          "metadata": {
            "schemaName": "mda_WebhookURL",
            "description": "This webhook URL can be found (after first solution install) in the webhook settings in the 'Plaid Event Webhook' cloud flow. If you're installing this solution for the first time, the 'Plaid Event Webhook' flow won't be available, so leave this blank. After install, update this value with the URL via the 'Default Solution'."
          }
        },
        "Plaid Secret Key (Plain Text) (mda_PlaidSecretKeyPlainText)": {
          "defaultValue": "asdf",
          "type": "String",
          "metadata": {
            "schemaName": "mda_PlaidSecretKeyPlainText",
            "description": "In case you'd rather not configure an Azure Key Vault, this will be used instead. If a valid Azure Key Vault reference is provided, that will be used in lieu of this."
          }
        }
      },
      "triggers": {
        "manual": {
          "metadata": {
            "operationMetadataId": "71375c61-cbe9-493c-9026-5193f8ed333d"
          },
          "type": "Request",
          "kind": "PowerAppV2",
          "inputs": {
            "schema": {
              "type": "object",
              "properties": {
                "text": {
                  "description": "User Guid",
                  "title": "UserGuid",
                  "type": "string",
                  "x-ms-content-hint": "TEXT",
                  "x-ms-dynamically-added": true
                }
              },
              "required": []
            }
          }
        }
      },
      "actions": {
        "License_check": {
          "actions": {
            "Check_for_license": {
              "metadata": {
                "operationMetadataId": "d5e28c8e-1e6f-4182-a096-12d47f83cec0"
              },
              "type": "OpenApiConnection",
              "inputs": {
                "parameters": {
                  "actionName": "ian_IanusLicenseValidation",
                  "item/PublisherId": "bc2bd1f6-d301-446e-bc31-7324d15e89eb",
                  "item/PublicKeys": [
                    "@'-----BEGIN PUBLIC KEY-----\r\nMIIBIjANBgkqhkiG9w0BAQEFAAOCAQ8AMIIBCgKCAQEAsVbi3L74u0xMwBBsPcQ0\r\nC5oCEbGVybP+XE/zCPbQPb5qf/9BtElaPUyTTcDXNqYoACgQMQ7wEYsw+ZA6wNpi\r\nTbGNyAfs/ZqPWv8SF2UMPJSvajZftgXJKZx8WpE52+gt/cKOewwWUd9S380FbLk8\r\nGrI99OrY07XWgneV1VwGPP4LW9wi3E2Kyms5uG8bTa80fau3z8ZBCk7gCYJsMVn8\r\nSH6kBF7nvNjHkN5lyrwV2Sphzrxuwc/B1jVeGu6RK1xJNKaNvMCUCcO9qlrD1+Yi\r\njrLCHK7li93gWVU7DHn2xd8U8yrZK5vAqOeEZKUp1QrijBWDL8i4/8RE+TCpXX0B\r\n8QIDAQAB\r\n-----END PUBLIC KEY-----'"
                  ],
                  "item/ProductId": "6c27ac1c-e7e8-429c-b0f2-42ea8cce3066"
                },
                "host": {
                  "apiId": "/providers/Microsoft.PowerApps/apis/shared_commondataserviceforapps",
                  "operationId": "PerformUnboundAction",
                  "connectionName": "shared_commondataserviceforapps-1"
                }
              }
            },
            "License_is_Valid": {
              "actions": {},
              "runAfter": {
                "Check_for_license": [
                  "Succeeded"
                ]
              },
              "else": {
                "actions": {
                  "Unlicensed_Failure": {
                    "metadata": {
                      "operationMetadataId": "ff5cac30-171a-4f5f-bc44-2ae5427576d6"
                    },
                    "type": "Terminate",
                    "inputs": {
                      "runStatus": "Failed",
                      "runError": {
                        "message": "Unlicensed"
                      }
                    }
                  }
                }
              },
              "expression": {
                "and": [
                  {
                    "equals": [
                      "@outputs('Check_for_license')?['body/IsValid']",
                      "@true"
                    ]
                  }
                ]
              },
              "metadata": {
                "operationMetadataId": "6923beac-75f8-4fc8-b562-dacd96170a03"
              },
              "type": "If"
            }
          },
          "runAfter": {},
          "metadata": {
            "operationMetadataId": "486438a8-fcb6-4caf-ae65-b8a21e31cce2"
          },
          "type": "Scope"
        },
        "Respond_to_a_Power_App_or_flow": {
          "runAfter": {
            "License_check": [
              "Succeeded"
            ]
          },
          "type": "Response",
          "kind": "PowerApp",
          "inputs": {
            "schema": {
              "type": "object",
              "properties": {},
              "additionalProperties": {}
            },
            "statusCode": 200
          }
        },
        "For_each_item": {
          "foreach": "@outputs('Get_all_Items')?['body/value']",
          "actions": {
            "Item_Webhook_Update": {
              "type": "OpenApiConnection",
              "inputs": {
                "parameters": {
                  "body/client_id": "@parameters('Plaid Client Id (mda_PlaidClientId)')",
                  "body/secret": "@coalesce(outputs('Get_Plaid_Secret_Key')?['body/EnvironmentVariableSecretValue'],parameters('Plaid Secret Key (Plain Text) (mda_PlaidSecretKeyPlainText)'))",
                  "body/access_token": "@item()?['mda_plaidaccesstoken']",
                  "body/webhook": "@parameters('Webhook URL (mda_WebhookURL)')"
                },
                "host": {
                  "apiId": "/providers/Microsoft.PowerApps/apis/shared_plaid-5f9e73ede31213e95a-5f77db087877e794a0",
                  "operationId": "ItemWebhookUpdate",
                  "connectionName": "shared_plaid-5f9e73ede31213e95a-5f77db087877e794a0-1"
                }
              },
              "runtimeConfiguration": {
                "secureData": {
                  "properties": [
                    "inputs"
                  ]
                }
              }
            }
          },
          "runAfter": {
            "Get_Plaid_Secret_Key": [
              "Succeeded",
              "Failed"
            ]
          },
          "type": "Foreach"
        },
        "On_failure": {
          "actions": {
            "Flow_run_metadata": {
              "metadata": {
                "operationMetadataId": "2e7f2cb6-e958-4c03-96e6-7b6379327a18"
              },
              "type": "ParseJson",
              "inputs": {
                "content": "@workflow()",
                "schema": {
                  "type": "object",
                  "properties": {
                    "id": {
                      "type": "string"
                    },
                    "name": {
                      "type": "string"
                    },
                    "type": {
                      "type": "string"
                    },
                    "location": {
                      "type": "string"
                    },
                    "tags": {
                      "type": "object",
                      "properties": {
                        "flowDisplayName": {
                          "type": "string"
                        },
                        "environmentName": {
                          "type": "string"
                        },
                        "logicAppName": {
                          "type": "string"
                        },
                        "environmentFlowSuspensionReason": {
                          "type": "string"
                        },
                        "sharingType": {
                          "type": "string"
                        },
                        "state": {
                          "type": "string"
                        },
                        "createdTime": {
                          "type": "string"
                        },
                        "lastModifiedTime": {
                          "type": "string"
                        },
                        "createdBy": {
                          "type": "string"
                        },
                        "triggerType": {
                          "type": "string"
                        },
                        "createdByUserId": {
                          "type": "string"
                        }
                      }
                    },
                    "run": {
                      "type": "object",
                      "properties": {
                        "id": {
                          "type": "string"
                        },
                        "name": {
                          "type": "string"
                        },
                        "type": {
                          "type": "string"
                        }
                      }
                    }
                  }
                }
              }
            },
            "Log_error": {
              "runAfter": {
                "Flow_run_metadata": [
                  "Succeeded"
                ]
              },
              "metadata": {
                "operationMetadataId": "1cd7287c-3fdc-4492-be56-1366572c1315"
              },
              "type": "OpenApiConnection",
              "inputs": {
                "parameters": {
                  "entityName": "mda_flowerrors",
                  "x-ms-odata-metadata-full": false,
                  "item/mda_flowname": "@body('Flow_run_metadata')?['tags']?['flowDisplayName']",
                  "item/mda_runurl": "https://make.powerautomate.com/environments/@{body('Flow_run_metadata')?['tags']?['environmentName']}/flows/shared/@{body('Flow_run_metadata')?['tags']?['logicAppName']}/runs/@{body('Flow_run_metadata')?['run']?['name']}"
                },
                "host": {
                  "apiId": "/providers/Microsoft.PowerApps/apis/shared_commondataserviceforapps",
                  "operationId": "CreateRecord",
                  "connectionName": "shared_commondataserviceforapps-1"
                }
              }
            },
            "User_Guid_was_provided_(failure)": {
              "actions": {
                "Send_push_on_failure": {
                  "type": "OpenApiConnection",
                  "inputs": {
                    "parameters": {
                      "payload/recipients": [
                        "@triggerBody()?['text']"
                      ],
                      "payload/message": "Error: Webhook update failed",
                      "payload/openApp": false
                    },
                    "host": {
                      "apiId": "/providers/Microsoft.PowerApps/apis/shared_powerappsnotification",
                      "operationId": "SendPushNotification",
                      "connectionName": "shared_powerappsnotification-1"
                    }
                  }
                }
              },
              "else": {
                "actions": {}
              },
              "expression": {
                "and": [
                  {
                    "equals": [
                      "@empty(triggerBody()?['text'])",
                      "@false"
                    ]
                  }
                ]
              },
              "type": "If"
            }
          },
          "runAfter": {
            "User_Guid_was_provided": [
              "TimedOut",
              "Skipped",
              "Failed"
            ]
          },
          "metadata": {
            "operationMetadataId": "596fa008-c6f2-43a0-b62f-b672f9edaf39"
          },
          "type": "Scope"
        },
        "User_Guid_was_provided": {
          "actions": {
            "Send_push_on_success": {
              "type": "OpenApiConnection",
              "inputs": {
                "parameters": {
                  "payload/recipients": [
                    "@triggerBody()?['text']"
                  ],
                  "payload/message": "Item webhooks updated",
                  "payload/openApp": false
                },
                "host": {
                  "apiId": "/providers/Microsoft.PowerApps/apis/shared_powerappsnotification",
                  "operationId": "SendPushNotification",
                  "connectionName": "shared_powerappsnotification-1"
                }
              }
            }
          },
          "runAfter": {
            "For_each_item": [
              "Succeeded"
            ]
          },
          "else": {
            "actions": {}
          },
          "expression": {
            "and": [
              {
                "equals": [
                  "@empty(triggerBody()?['text'])",
                  "@false"
                ]
              }
            ]
          },
          "type": "If"
        },
        "Terminate_on_Error": {
          "runAfter": {
            "On_failure": [
              "Succeeded",
              "TimedOut",
              "Failed"
            ]
          },
          "metadata": {
            "operationMetadataId": "33513984-64fb-4095-9e05-225fa375364a"
          },
          "type": "Terminate",
          "inputs": {
            "runStatus": "Failed"
          }
        },
        "Get_Plaid_Secret_Key": {
          "runAfter": {
            "Get_all_Items": [
              "Succeeded"
            ]
          },
          "metadata": {
            "operationMetadataId": "5d08febc-6a53-4c7a-9ca5-675b798bc4b7"
          },
          "type": "OpenApiConnection",
          "inputs": {
            "parameters": {
              "actionName": "RetrieveEnvironmentVariableSecretValue",
              "item/EnvironmentVariableName": "mda_PlaidSecretKeyVault"
            },
            "host": {
              "apiId": "/providers/Microsoft.PowerApps/apis/shared_commondataserviceforapps",
              "operationId": "PerformUnboundAction",
              "connectionName": "shared_commondataserviceforapps-1"
            }
          },
          "runtimeConfiguration": {
            "secureData": {
              "properties": [
                "outputs"
              ]
            }
          }
        },
        "Get_all_Items": {
          "runAfter": {
            "Respond_to_a_Power_App_or_flow": [
              "Succeeded"
            ]
          },
          "type": "OpenApiConnection",
          "inputs": {
            "parameters": {
              "entityName": "mda_accesstokens",
              "$select": "mda_plaidaccesstoken",
              "x-ms-odata-metadata-full": false
            },
            "host": {
              "apiId": "/providers/Microsoft.PowerApps/apis/shared_commondataserviceforapps",
              "operationId": "ListRecords",
              "connectionName": "shared_commondataserviceforapps-1"
            }
          }
        }
      },
      "outputs": {}
    },
    "templateName": null
  },
  "schemaVersion": "1.0.0.0"
}