<environmentvariabledefinition schemaname="mda_EnvironmentDomain">
  <description default="[custom subdomain].crm[optional digit].dynamics.com">
    <label description="[custom subdomain].crm[optional digit].dynamics.com" languagecode="1033" />
  </description>
  <displayname default="Environment Domain">
    <label description="Environment Domain" languagecode="1033" />
  </displayname>
  <introducedversion>1.4.3.2</introducedversion>
  <iscustomizable>1</iscustomizable>
  <isrequired>0</isrequired>
  <secretstore>0</secretstore>
  <type>100000000</type>
</environmentvariabledefinition>